team,elo,squad_value,ea_overall,goles_anotados_avg,goles_recibidos_avg,tiros_avg,tiros_arco_avg,corners_avg,posesion_avg,faltas_avg
Spain,2223.3,1279000000.0,86.45,3.12,1.33,18.5,7.5,6.62,68.11,8.62
Argentina,2189.1,856000000.0,85.0,2.43,1.0,11.67,6.0,6.0,64.47,14.67
France,2127.9,1443000000.0,86.73,2.62,1.33,19.75,6.38,6.75,66.44,10.12
England,2090.1,1263500000.0,86.09,2.62,1.0,18.29,6.86,7.0,70.0,9.29
Brazil,2069.4,1163500000.0,86.36,2.71,1.67,14.75,6.5,3.75,52.22,11.0
Colombia,2064.4,327825000.0,79.73,2.0,1.75,13.75,5.25,5.75,58.87,9.75
Portugal,2056.4,975000000.0,85.27,3.67,1.6,22.25,7.5,6.75,69.6,7.38
Ecuador,2028.6,302125000.0,77.18,1.57,1.0,12.0,4.5,2.75,49.62,14.25
Netherlands,2003.9,852000000.0,84.73,2.86,1.2,15.88,5.88,6.25,62.32,10.38
Germany,2000.2,995200000.0,85.73,3.0,1.67,18.0,7.14,6.86,62.71,11.0
Japan,1993.4,309700000.0,79.27,2.0,2.0,16.5,7.0,6.5,54.9,13.5
Mexico,1985.3,111400000.0,78.18,2.14,1.5,12.71,5.0,7.0,57.13,11.57
Morocco,1984.7,445300000.0,81.0,2.25,1.0,15.75,5.5,6.75,61.62,10.5
Norway,1983.3,479900000.0,80.18,3.75,1.14,16.71,6.43,5.43,56.59,8.57
Uruguay,1976.0,441600000.0,81.18,1.67,2.33,7.5,2.0,3.0,48.3,13.0
Turkey,1974.2,435100000.0,80.27,3.29,2.17,14.0,5.88,7.88,53.02,10.38
Croatia,1973.5,379300000.0,81.18,2.83,1.4,18.25,5.75,7.5,65.28,10.75
Switzerland,1951.6,340700000.0,81.45,2.57,1.6,11.25,5.38,5.14,59.95,9.12
Belgium,1944.6,664500000.0,83.73,4.29,1.67,21.88,9.12,10.0,63.25,9.12
Denmark,1938.2,368400000.0,79.73,3.0,2.0,17.75,6.38,7.12,62.6,9.88
Italy,1935.2,936000000.0,85.09,2.62,3.0,20.62,6.75,7.12,58.72,11.12
Paraguay,1918.7,113499999.0,75.64,1.83,1.75,9.0,4.0,5.0,43.95,11.5
Senegal,1918.6,314300000.0,79.73,3.71,2.33,13.0,5.83,5.33,61.45,12.5
Canada,1902.8,193125000.0,77.09,1.6,1.33,15.0,4.5,9.75,58.25,11.0
Australia,1900.1,50425000.0,72.73,1.8,1.5,7.5,3.25,2.25,45.2,14.5
Iran,1894.9,22225000.0,71.0,2.5,2.0,11.5,4.2,4.8,50.0,12.9
Nigeria,1885.4,444500000.0,80.18,2.33,1.25,11.5,4.2,4.8,50.0,12.9
Austria,1884.8,284200000.0,79.09,3.14,1.0,11.38,5.38,3.88,63.18,14.75
South Korea,1880.5,173100000.0,77.0,2.17,3.67,15.33,6.67,7.67,64.83,13.0
Algeria,1872.4,282100000.0,79.0,3.0,1.0,16.0,5.29,6.71,60.5,11.43
Yugoslavia,1871.2,185616568.0,80.42,2.0,1.38,11.5,4.2,4.8,50.0,12.9
Panama,1859.9,21300000.0,68.91,2.14,2.0,7.67,4.0,1.0,36.43,10.33
Scotland,1852.0,232600000.0,78.64,3.0,1.5,12.75,6.25,5.0,50.05,12.62
Ukraine,1836.7,339050000.0,79.09,2.17,2.17,10.14,5.0,4.5,48.33,11.71
Russia,1833.2,77325000.0,73.73,2.67,1.17,16.0,4.67,5.67,57.53,14.67
United States,1828.1,364700000.0,79.55,2.25,1.86,15.0,4.67,6.67,50.63,13.33
Uzbekistan,1824.7,30499999.0,69.4,1.8,1.8,10.0,3.25,7.25,44.58,12.25
Greece,1815.1,281599999.0,78.0,1.75,2.14,13.12,3.62,4.62,55.03,12.88
Ivory Coast,1814.0,376300000.0,79.27,3.6,1.0,10.0,5.5,3.5,44.8,8.0
Venezuela,1812.7,91575000.0,73.73,2.0,1.5,10.67,3.33,4.0,53.27,12.0
Serbia,1811.9,345000000.0,80.55,2.0,2.29,11.17,3.5,5.67,47.7,10.5
Egypt,1809.6,147570000.0,70.6,1.83,1.67,9.67,4.67,3.0,47.6,12.0
Czech Republic,1806.1,225200000.0,77.55,2.29,1.25,17.5,5.75,7.5,56.98,13.75
Jersey,1805.3,152652938.0,79.11,2.0,1.25,11.5,4.2,4.8,50.0,12.9
Czechoslovakia,1801.3,150638973.0,79.03,2.0,0.88,11.5,4.2,4.8,50.0,12.9
Basque Country,1798.4,149216590.0,78.97,2.5,0.88,11.5,4.2,4.8,50.0,12.9
Chile,1793.5,75199999.0,75.0,2.0,1.83,7.75,4.0,2.0,44.08,14.0
Kosovo,1781.7,116250000.0,75.18,1.67,2.33,9.33,4.0,3.4,39.42,10.17
Sweden,1774.9,492800000.0,80.27,1.4,2.12,9.88,3.71,4.5,54.55,12.25
Jordan,1774.8,10975000.0,70.33,2.0,2.67,10.33,3.33,2.67,32.37,14.67
Peru,1774.6,36375000.0,72.45,1.2,1.88,9.75,3.0,5.0,47.55,9.5
DR Congo,1772.5,148999999.0,76.36,1.29,2.0,9.0,3.33,5.33,41.3,12.33
Poland,1764.6,221725000.0,80.0,1.86,1.5,12.6,4.6,6.2,44.18,10.2
Republic of Ireland,1761.0,136399999.0,75.45,2.0,1.5,13.0,5.57,5.43,42.21,11.25
Hungary,1755.9,183949999.0,78.0,1.75,2.2,13.75,4.62,5.38,47.19,10.25
Costa Rica,1752.3,20450000.0,68.09,2.5,2.5,9.0,4.0,4.0,31.4,12.0
Iraq,1749.7,19575000.0,66.64,1.17,1.75,3.0,2.0,3.0,33.7,10.0
Guernsey,1745.6,122805947.0,77.91,1.5,1.0,11.5,4.2,4.8,50.0,12.9
Wales,1744.7,117750000.0,75.64,2.17,2.0,16.33,6.17,7.67,66.75,8.83
Tunisia,1737.3,73475000.0,72.91,2.5,2.0,13.0,4.17,4.8,51.08,14.67
Slovenia,1737.1,153824999.0,76.09,1.5,1.5,9.33,2.6,3.83,44.6,11.5
German DR,1730.3,115151810.0,77.61,1.62,1.5,11.5,4.2,4.8,50.0,12.9
Bolivia,1729.5,19160000.0,68.0,1.67,2.33,10.0,3.5,3.5,50.5,12.0
Cameroon,1723.4,236200000.0,77.45,2.0,1.0,12.0,3.5,4.5,50.9,16.5
Honduras,1721.6,17225000.0,67.64,2.33,2.0,4.0,4.2,1.0,28.3,12.0
New Zealand,1718.8,54725000.0,71.09,2.0,1.75,8.67,3.33,3.33,47.33,11.0
Slovakia,1718.0,198199999.0,78.27,1.67,2.75,9.33,2.67,4.0,46.78,12.33
Haiti,1716.6,19435000.0,69.27,2.33,2.25,10.5,1.5,5.0,51.2,15.5
Georgia,1711.8,230624999.0,76.18,1.5,2.5,9.0,2.25,4.67,47.08,10.5
Israel,1709.3,75850000.0,72.82,3.0,3.2,12.67,5.17,4.17,51.6,10.5
Isle of Man,1709.1,104555092.0,77.18,3.62,1.25,11.5,4.2,4.8,50.0,12.9
Mali,1707.1,132650000.0,75.73,3.0,1.25,11.5,4.2,4.8,50.0,12.9
Romania,1702.9,111249998.0,75.27,2.29,1.71,14.8,6.2,4.0,49.34,14.4
Northern Cyprus,1689.4,94701225.0,76.79,1.88,0.62,11.5,4.2,4.8,50.0,12.9
Saudi Arabia,1688.1,74775000.0,73.36,1.5,2.0,13.0,4.0,3.67,60.03,12.67
Occitania,1686.8,93392326.0,76.74,2.75,0.62,11.5,4.2,4.8,50.0,12.9
Padania,1686.5,93270308.0,76.73,1.0,0.75,11.5,4.2,4.8,50.0,12.9
Albania,1672.0,91749999.0,74.91,1.6,1.5,9.8,2.75,3.8,52.46,9.4
Jamaica,1664.6,53100000.0,72.09,2.0,1.75,11.5,4.2,4.8,50.0,12.9
United Arab Emirates,1664.2,17105000.0,64.73,1.75,1.25,11.5,4.2,4.8,50.0,12.9
South Africa,1662.9,24145000.0,68.18,2.0,1.0,17.0,5.5,5.5,74.8,10.0
Northern Ireland,1661.3,69650000.0,71.91,1.5,1.8,8.5,3.12,3.62,35.85,12.88
Isle of Wight,1660.3,80137676.0,76.21,2.38,0.88,11.5,4.2,4.8,50.0,12.9
Catalonia,1654.6,77287779.0,76.09,2.12,1.12,11.5,4.2,4.8,50.0,12.9
Guatemala,1653.6,3650000.0,65.75,1.6,2.71,4.67,3.0,4.5,37.77,8.0
Cape Verde,1652.9,57325000.0,71.73,2.0,2.25,12.0,3.0,6.0,50.15,11.0
Bosnia and Herzegovina,1652.5,107555000.0,76.36,2.57,1.33,15.2,4.8,4.0,47.94,15.8
North Macedonia,1650.7,39794999.0,70.82,2.0,3.5,10.4,4.5,4.0,44.64,10.8
Burkina Faso,1649.5,85100000.0,72.09,3.0,2.0,9.0,2.0,6.0,40.0,13.0
Iraqi Kurdistan,1645.3,72641025.0,75.91,1.62,0.88,11.5,4.2,4.8,50.0,12.9
Ynys Môn,1639.7,69841222.0,75.79,1.75,2.0,11.5,4.2,4.8,50.0,12.9
Abkhazia,1628.2,64096302.0,75.56,1.12,1.12,11.5,4.2,4.8,50.0,12.9
Ghana,1625.3,218400000.0,78.09,1.8,2.17,7.25,2.5,3.5,36.28,9.5
Iceland,1622.9,88475000.0,72.73,2.0,2.57,8.0,3.0,3.43,46.65,11.38
Curaçao,1611.6,55776526.0,75.23,2.67,3.0,8.0,2.67,2.67,50.5,10.0
Kárpátalja,1606.8,53395406.0,75.14,2.0,1.6,11.5,4.2,4.8,50.0,12.9
New Caledonia,1599.5,425000.0,61.0,2.4,1.6,11.5,4.2,4.8,50.0,12.9
Suriname,1598.4,40075000.0,71.55,1.57,1.4,11.5,4.2,4.8,50.0,12.9
Syria,1597.5,15430000.0,67.73,2.75,3.17,11.5,4.2,4.8,50.0,12.9
Kernow,1595.6,47815772.0,74.91,2.5,1.0,11.5,4.2,4.8,50.0,12.9
Andalusia,1592.2,46113553.0,74.84,2.5,1.12,11.5,4.2,4.8,50.0,12.9
Rhodes,1591.4,45718429.0,74.83,1.5,1.0,11.5,4.2,4.8,50.0,12.9
County of Nice,1591.0,45507121.0,74.82,2.12,1.12,11.5,4.2,4.8,50.0,12.9
Palestine,1588.2,6310000.0,66.5,1.4,1.4,11.5,4.2,4.8,50.0,12.9
Tamil Eelam,1587.0,43523154.0,74.74,3.88,2.12,11.5,4.2,4.8,50.0,12.9
Panjab,1585.7,42848183.0,74.71,2.0,0.88,11.5,4.2,4.8,50.0,12.9
Finland,1584.3,55449998.0,73.45,2.0,2.17,10.57,5.33,5.57,45.73,12.43
Belarus,1584.2,3725000.0,65.0,2.0,2.33,9.4,2.2,3.4,32.56,13.2
Réunion,1582.4,41183669.0,74.65,3.0,0.5,11.5,4.2,4.8,50.0,12.9
Angola,1579.8,65735000.0,73.0,2.25,1.67,11.5,4.2,4.8,50.0,12.9
Guinea,1576.6,155465000.0,75.0,1.8,1.4,12.0,4.5,8.0,57.3,14.5
Oman,1572.9,36467405.0,74.46,2.0,2.0,11.5,4.2,4.8,50.0,12.9
Ellan Vannin,1569.8,34904600.0,74.4,1.38,1.75,11.5,4.2,4.8,50.0,12.9
Kurdistan,1567.2,33581589.0,74.34,2.4,0.4,11.5,4.2,4.8,50.0,12.9
Menorca,1566.2,33092093.0,74.32,2.0,1.0,11.5,4.2,4.8,50.0,12.9
Qatar,1565.2,32591786.0,72.55,1.33,2.0,8.0,1.0,3.0,53.4,13.0
Artsakh,1557.3,28672557.0,74.15,3.83,1.0,11.5,4.2,4.8,50.0,12.9
Benin,1555.8,12975000.0,65.67,1.75,2.5,11.5,4.2,4.8,50.0,12.9
China,1555.7,21955000.0,69.91,1.75,1.6,12.75,3.25,7.25,45.82,12.25
Corsica,1555.6,27814830.0,74.11,1.0,0.62,11.5,4.2,4.8,50.0,12.9
Chameria,1553.9,26969798.0,74.08,1.35,1.35,11.5,4.2,4.8,50.0,12.9
Yorkshire,1553.3,26650870.0,74.07,1.35,1.35,11.5,4.2,4.8,50.0,12.9
Zambia,1549.3,16075000.0,68.38,1.33,2.25,11.5,4.2,4.8,50.0,12.9
Arameans Suryoye,1546.3,23166641.0,73.93,1.25,1.5,11.5,4.2,4.8,50.0,12.9
Trinidad and Tobago,1546.2,5445000.0,60.12,1.67,2.57,4.0,1.5,1.0,37.4,9.5
Quebec,1546.2,23077481.0,73.92,8.0,0.67,11.5,4.2,4.8,50.0,12.9
Cascadia,1545.3,22667877.0,73.91,1.35,1.35,11.5,4.2,4.8,50.0,12.9
Bahrain,1540.3,20169791.0,73.81,1.5,1.57,11.5,4.2,4.8,50.0,12.9
Gambia,1537.9,77300000.0,71.55,3.0,1.6,11.5,4.2,4.8,50.0,12.9
Zanzibar,1533.4,16682160.0,73.67,1.38,1.14,11.5,4.2,4.8,50.0,12.9
Bulgaria,1530.8,43800000.0,70.45,3.2,2.57,4.75,2.33,5.5,25.12,9.0
Thailand,1529.9,575000.0,63.0,2.0,1.5,7.5,6.0,3.0,42.7,13.5
Libya,1529.4,15375000.0,73.33,1.67,2.67,11.5,4.2,4.8,50.0,12.9
Maule Sur,1528.3,14172918.0,73.57,1.35,1.35,11.5,4.2,4.8,50.0,12.9
Galicia,1527.4,13718476.0,73.55,1.5,2.0,11.5,4.2,4.8,50.0,12.9
Guadeloupe,1524.2,12116948.0,73.48,2.0,2.38,11.67,4.83,2.83,42.95,13.5
Gabon,1520.9,48125000.0,70.1,2.29,3.0,14.0,5.0,6.0,46.1,10.0
Asturias,1520.5,10264887.0,73.41,3.0,1.0,11.5,4.2,4.8,50.0,12.9
Western Armenia,1518.7,9353045.0,73.37,2.8,1.4,11.5,4.2,4.8,50.0,12.9
Surrey,1516.2,8106472.0,73.32,1.35,1.35,11.5,4.2,4.8,50.0,12.9
Nicaragua,1515.7,7837765.0,73.31,1.33,3.0,4.0,1.0,2.0,23.9,11.0
Montenegro,1515.0,47390000.0,71.36,1.86,2.33,14.67,5.33,5.33,53.9,16.33
Canary Islands,1515.0,7486327.0,73.3,2.75,0.75,11.5,4.2,4.8,50.0,12.9
Biafra,1514.8,7377721.0,73.3,1.35,1.35,11.5,4.2,4.8,50.0,12.9
Parishes of Jersey,1513.9,6943101.0,73.28,1.35,1.35,11.5,4.2,4.8,50.0,12.9
Uganda,1511.8,5900000.0,64.86,2.0,2.33,9.0,3.0,4.8,31.1,19.0
Donetsk PR,1511.8,5917910.0,73.24,1.33,1.17,11.5,4.2,4.8,50.0,12.9
Niger,1509.2,2100000.0,69.0,1.5,2.2,11.5,4.2,4.8,50.0,12.9
Madagascar,1509.2,9000000.0,68.67,2.5,2.4,2.0,1.0,1.0,30.1,12.0
Tahiti,1509.0,5000000.0,73.18,3.8,2.0,11.5,4.2,4.8,50.0,12.9
Mapuche,1508.5,5000000.0,73.17,1.35,1.35,11.5,4.2,4.8,50.0,12.9
Felvidék,1507.5,5000000.0,73.15,0.88,1.38,11.5,4.2,4.8,50.0,12.9
Elba Island,1506.8,5000000.0,73.14,1.35,1.35,11.5,4.2,4.8,50.0,12.9
Silesia,1506.4,5000000.0,73.13,3.0,2.12,11.5,4.2,4.8,50.0,12.9
Kazakhstan,1505.0,5000000.0,73.1,1.67,2.0,13.5,4.75,4.25,39.4,14.0
Crimea,1504.8,5000000.0,73.1,1.4,2.2,11.5,4.2,4.8,50.0,12.9
Brittany,1504.2,5000000.0,73.08,1.38,1.0,11.5,4.2,4.8,50.0,12.9
Shetland,1503.2,5000000.0,73.06,2.12,2.12,11.5,4.2,4.8,50.0,12.9
United Koreans in Japan,1501.7,5000000.0,73.03,2.17,1.17,11.5,4.2,4.8,50.0,12.9
Mozambique,1500.6,37400000.0,73.5,1.4,2.33,11.5,4.2,4.8,50.0,12.9
Délvidék,1500.2,5000000.0,73.0,2.0,1.5,11.5,4.2,4.8,50.0,12.9
Guyana,1498.5,5450000.0,63.14,2.83,1.17,11.5,4.2,4.8,50.0,12.9
Indonesia,1495.6,35375000.0,70.09,3.5,3.5,11.5,4.2,4.8,50.0,12.9
El Salvador,1495.4,4175000.0,64.5,1.5,2.0,7.0,3.0,3.0,34.35,20.5
Central Spain,1495.3,5000000.0,72.91,1.0,2.0,11.5,4.2,4.8,50.0,12.9
Székely Land,1495.1,5000000.0,72.9,2.12,2.12,11.5,4.2,4.8,50.0,12.9
Saugeais,1494.7,5000000.0,72.89,1.0,1.0,11.5,4.2,4.8,50.0,12.9
North Korea,1492.1,5000000.0,72.84,1.6,2.67,11.5,4.2,4.8,50.0,12.9
Cilento,1490.6,5000000.0,72.81,0.0,2.0,11.5,4.2,4.8,50.0,12.9
Madrid,1489.5,5000000.0,72.79,1.0,2.0,11.5,4.2,4.8,50.0,12.9
Luhansk PR,1489.2,5000000.0,72.78,1.25,1.75,11.5,4.2,4.8,50.0,12.9
Dominican Republic,1487.8,18585000.0,65.11,2.4,2.2,11.5,4.2,4.8,50.0,12.9
North Vietnam,1487.4,5000000.0,72.75,2.75,1.62,11.5,4.2,4.8,50.0,12.9
Sápmi,1487.3,5000000.0,72.75,1.88,1.5,11.5,4.2,4.8,50.0,12.9
Seborga,1486.4,5000000.0,72.73,2.0,3.0,11.5,4.2,4.8,50.0,12.9
Sealand,1483.9,5000000.0,72.68,2.62,2.88,11.5,4.2,4.8,50.0,12.9
Yoruba Nation,1483.5,5000000.0,72.67,1.35,1.35,11.5,4.2,4.8,50.0,12.9
Martinique,1483.4,5000000.0,72.67,2.0,2.14,9.33,4.33,3.67,36.5,12.0
Matabeleland,1482.6,5000000.0,72.65,1.35,1.35,11.5,4.2,4.8,50.0,12.9
Sierra Leone,1482.3,19630000.0,66.82,1.83,1.14,11.5,4.2,4.8,50.0,12.9
Malaysia,1480.9,6100000.0,71.5,1.67,1.71,11.5,4.2,4.8,50.0,12.9
Republic of St. Pauli,1480.8,5000000.0,72.62,2.5,1.25,11.5,4.2,4.8,50.0,12.9
Franconia,1478.2,5000000.0,72.56,2.0,4.0,11.5,4.2,4.8,50.0,12.9
Somaliland,1477.7,5000000.0,72.55,2.4,2.8,11.5,4.2,4.8,50.0,12.9
Togo,1477.6,51230000.0,71.27,1.67,1.8,11.5,4.2,4.8,50.0,12.9
Comoros,1475.9,35850000.0,68.82,1.0,1.33,11.5,4.2,4.8,50.0,12.9
South Ossetia,1475.6,5000000.0,72.51,0.5,3.25,11.5,4.2,4.8,50.0,12.9
Zimbabwe,1474.5,22475000.0,67.55,1.33,1.5,7.0,3.0,2.0,39.1,5.0
Ryūkyū,1474.4,5000000.0,72.49,0.0,9.0,11.5,4.2,4.8,50.0,12.9
West Papua,1474.3,5000000.0,72.49,1.35,1.35,11.5,4.2,4.8,50.0,12.9
Sudan,1474.1,5000000.0,72.48,1.35,1.5,8.0,1.0,5.0,41.3,14.0
Kuwait,1473.9,5000000.0,72.48,2.67,2.6,6.0,3.0,1.0,48.2,7.0
Åland Islands,1473.6,5000000.0,72.47,1.0,1.0,11.5,4.2,4.8,50.0,12.9
Kenya,1470.6,13150000.0,65.18,2.25,3.33,11.5,4.2,4.8,50.0,12.9
Gozo,1469.3,5000000.0,72.39,3.43,3.0,11.5,4.2,4.8,50.0,12.9
South Yemen,1468.8,5000000.0,72.38,0.33,2.67,11.5,4.2,4.8,50.0,12.9
Vietnam,1467.6,5000000.0,72.35,1.83,2.14,11.5,4.2,4.8,50.0,12.9
Greenland,1465.4,5000000.0,72.31,1.62,1.38,11.5,4.2,4.8,50.0,12.9
Romani people,1463.8,5000000.0,72.28,1.86,3.71,11.5,4.2,4.8,50.0,12.9
Aymara,1463.2,5000000.0,72.26,1.35,1.35,11.5,4.2,4.8,50.0,12.9
Hmong,1461.1,5000000.0,72.22,1.35,1.35,11.5,4.2,4.8,50.0,12.9
Provence,1460.1,5000000.0,72.2,6.5,1.88,11.5,4.2,4.8,50.0,12.9
Kabylia,1455.8,5000000.0,72.12,1.35,1.35,11.5,4.2,4.8,50.0,12.9
East Turkestan,1455.2,5000000.0,72.1,1.35,1.35,11.5,4.2,4.8,50.0,12.9
Mayotte,1454.6,5000000.0,72.09,1.25,1.25,11.5,4.2,4.8,50.0,12.9
Papua New Guinea,1453.3,5000000.0,72.07,1.4,2.67,11.5,4.2,4.8,50.0,12.9
Equatorial Guinea,1452.5,21475000.0,65.91,1.0,1.6,11.0,4.0,3.0,57.3,18.0
Monaco,1452.0,5000000.0,72.04,1.12,3.0,11.5,4.2,4.8,50.0,12.9
Chechnya,1451.3,5000000.0,72.03,1.0,9.67,11.5,4.2,4.8,50.0,12.9
Kyrgyzstan,1450.5,5000000.0,72.01,1.88,0.75,11.5,4.2,4.8,50.0,12.9
Luxembourg,1449.9,27075000.0,67.64,1.0,2.0,7.71,2.14,3.33,44.17,12.71
Rwanda,1447.0,1750000.0,63.5,2.33,1.75,11.5,4.2,4.8,50.0,12.9
Saarland,1446.8,5000000.0,71.94,0.88,3.0,11.5,4.2,4.8,50.0,12.9
Tajikistan,1443.5,950000.0,62.0,2.6,2.0,11.5,4.2,4.8,50.0,12.9
Gotland,1443.2,5000000.0,71.86,2.75,2.0,11.5,4.2,4.8,50.0,12.9
Vanuatu,1440.5,825000.0,68.0,2.0,3.67,11.5,4.2,4.8,50.0,12.9
Lebanon,1440.5,1725000.0,63.0,2.5,1.5,11.5,4.2,4.8,50.0,12.9
Western Isles,1436.0,5000000.0,71.72,1.25,3.62,11.5,4.2,4.8,50.0,12.9
Malawi,1434.9,1300000.0,63.0,1.75,1.25,11.5,4.2,4.8,50.0,12.9
Faroe Islands,1432.1,1975000.0,61.25,1.83,1.67,8.75,4.75,4.25,39.12,10.75
Mauritania,1431.4,13035000.0,62.9,1.33,2.0,10.5,2.5,2.5,37.65,12.5
Manchukuo,1430.4,5000000.0,71.61,0.0,5.33,11.5,4.2,4.8,50.0,12.9
Găgăuzia,1429.5,5000000.0,71.59,0.67,3.0,11.5,4.2,4.8,50.0,12.9
Niue,1427.2,5000000.0,71.54,0.0,16.5,11.5,4.2,4.8,50.0,12.9
Fiji,1423.0,5000000.0,71.46,1.83,2.29,11.5,4.2,4.8,50.0,12.9
Liberia,1422.8,26690000.0,66.17,2.0,1.71,5.0,2.0,1.0,39.5,14.0
Namibia,1422.2,975000.0,67.0,1.5,2.0,16.0,5.0,6.0,47.7,18.0
Palau,1421.5,5000000.0,71.43,2.0,10.5,11.5,4.2,4.8,50.0,12.9
Vatican City,1419.0,5000000.0,71.38,0.33,2.5,11.5,4.2,4.8,50.0,12.9
Cuba,1418.7,1725000.0,65.5,1.8,2.5,11.5,4.2,4.8,50.0,12.9
Armenia,1418.1,30015000.0,69.22,1.0,2.43,5.5,1.5,1.33,39.15,11.0
Lesotho,1417.3,5000000.0,71.35,1.0,2.5,11.5,4.2,4.8,50.0,12.9
Marshall Islands,1416.5,5000000.0,71.33,1.35,1.35,11.5,4.2,4.8,50.0,12.9
Estonia,1416.0,12225000.0,66.57,1.6,2.57,7.25,2.5,3.0,39.67,17.0
Tanzania,1415.9,4825000.0,66.33,4.5,1.8,11.5,4.2,4.8,50.0,12.9
Saint Barthélemy,1412.4,5000000.0,71.25,0.5,5.5,11.5,4.2,4.8,50.0,12.9
Ticino,1409.7,5000000.0,71.19,1.35,1.35,11.5,4.2,4.8,50.0,12.9
Raetia,1408.0,5000000.0,71.16,1.25,4.62,11.5,4.2,4.8,50.0,12.9
Two Sicilies,1405.0,5000000.0,71.1,0.5,2.0,11.5,4.2,4.8,50.0,12.9
French Guiana,1401.0,5000000.0,71.02,1.29,1.5,11.5,4.2,4.8,50.0,12.9
Western Sahara,1400.2,5000000.0,71.0,1.75,4.5,11.5,4.2,4.8,50.0,12.9
Orkney,1397.3,5000000.0,70.95,1.62,1.75,11.5,4.2,4.8,50.0,12.9
Western Australia,1395.4,5000000.0,70.91,1.38,1.88,11.5,4.2,4.8,50.0,12.9
Ethiopia,1392.8,5000000.0,70.86,2.0,1.83,11.5,4.2,4.8,50.0,12.9
Ambazonia,1392.2,5000000.0,70.84,0.5,2.83,11.5,4.2,4.8,50.0,12.9
Burundi,1386.0,15725000.0,68.67,1.35,2.2,11.5,4.2,4.8,50.0,12.9
Turkmenistan,1385.9,5000000.0,70.72,1.33,2.8,11.5,4.2,4.8,50.0,12.9
Botswana,1385.9,5000000.0,70.72,1.8,2.0,11.0,2.0,2.0,33.7,12.0
Azerbaijan,1378.1,17225000.0,67.91,2.0,1.88,4.4,1.5,2.75,31.44,11.4
Solomon Islands,1369.1,5000000.0,70.38,1.8,3.25,11.5,4.2,4.8,50.0,12.9
Central African Republic,1369.0,17200000.0,72.25,2.0,2.67,11.5,4.2,4.8,50.0,12.9
Cyprus,1368.6,28550000.0,69.36,2.33,2.0,12.0,5.0,4.67,57.43,14.0
Saint Vincent and the Grenadines,1360.3,5000000.0,70.21,1.62,4.0,11.5,4.2,4.8,50.0,12.9
Guinea-Bissau,1360.1,40050000.0,71.18,1.25,1.57,11.5,4.2,4.8,50.0,12.9
Chagos Islands,1359.5,5000000.0,70.19,1.38,4.88,11.5,4.2,4.8,50.0,12.9
Puerto Rico,1359.0,550000.0,60.0,2.25,2.33,3.0,1.0,2.0,38.4,11.0
Barawa,1358.4,5000000.0,70.17,1.0,4.0,11.5,4.2,4.8,50.0,12.9
Yemen DPR,1354.1,5000000.0,70.08,1.0,2.38,11.5,4.2,4.8,50.0,12.9
Saint Helena,1348.6,5000000.0,69.97,1.35,1.35,11.5,4.2,4.8,50.0,12.9
Vietnam Republic,1347.1,5000000.0,69.94,1.0,2.38,11.5,4.2,4.8,50.0,12.9
Malta,1344.6,11000000.0,63.75,1.57,2.5,8.75,4.0,2.0,40.67,12.25
Hitra,1343.5,5000000.0,69.87,1.5,2.75,11.5,4.2,4.8,50.0,12.9
Saare County,1340.8,5000000.0,69.82,1.75,2.12,11.5,4.2,4.8,50.0,12.9
Bermuda,1334.7,835000.0,61.0,2.0,3.25,11.5,4.2,4.8,50.0,12.9
Latvia,1334.3,7505000.0,64.86,1.33,2.0,7.67,2.5,3.83,41.42,11.5
Hong Kong,1333.5,4285000.0,58.56,2.0,1.33,11.5,4.2,4.8,50.0,12.9
Philippines,1330.1,6600000.0,67.75,2.8,2.25,11.5,4.2,4.8,50.0,12.9
Saint Martin,1329.7,5000000.0,69.59,1.12,4.0,11.5,4.2,4.8,50.0,12.9
Micronesia,1328.8,5000000.0,69.58,1.14,8.43,11.5,4.2,4.8,50.0,12.9
Congo,1328.5,17825000.0,66.91,1.0,2.2,1.0,4.2,4.8,23.0,17.0
Sark,1327.9,5000000.0,69.56,0.0,17.5,11.5,4.2,4.8,50.0,12.9
Lithuania,1325.6,10295000.0,63.1,1.5,2.33,8.4,2.4,2.6,42.44,14.8
Moldova,1322.1,4535000.0,61.57,1.33,2.12,7.67,2.0,2.67,29.8,12.0
Eswatini,1315.2,5000000.0,69.3,2.0,2.29,11.5,4.2,4.8,50.0,12.9
Sint Maarten,1306.5,5000000.0,69.13,2.0,1.8,11.5,4.2,4.8,50.0,12.9
Yemen,1305.7,330000.0,51.0,1.6,2.0,11.5,4.2,4.8,50.0,12.9
Wallis Islands and Futuna,1296.3,5000000.0,68.93,0.88,6.5,11.5,4.2,4.8,50.0,12.9
Singapore,1293.2,5000000.0,68.86,2.0,1.67,8.0,2.0,4.0,60.4,9.0
Belize,1291.0,5000000.0,68.82,2.2,2.33,11.5,4.2,4.8,50.0,12.9
Grenada,1290.1,5150000.0,64.12,3.25,2.43,2.0,4.2,1.0,44.3,9.0
Saint Pierre and Miquelon,1287.5,5000000.0,68.75,0.29,11.14,11.5,4.2,4.8,50.0,12.9
Darfur,1274.8,5000000.0,68.5,0.14,14.14,11.5,4.2,4.8,50.0,12.9
South Sudan,1269.3,5000000.0,68.39,1.0,2.5,4.0,2.0,4.8,32.7,12.0
Tibet,1267.1,5000000.0,68.34,1.5,8.38,11.5,4.2,4.8,50.0,12.9
Saint Kitts and Nevis,1264.0,2475000.0,61.25,0.75,1.75,11.5,4.2,4.8,50.0,12.9
Samoa,1248.9,5000000.0,67.98,0.83,5.0,11.5,4.2,4.8,50.0,12.9
Chad,1245.2,3600000.0,73.0,1.33,2.14,11.5,4.2,4.8,50.0,12.9
Kiribati,1234.3,5000000.0,67.69,0.5,10.75,11.5,4.2,4.8,50.0,12.9
Afghanistan,1234.3,250000.0,60.0,1.5,1.83,11.5,4.2,4.8,50.0,12.9
India,1229.0,13105000.0,66.45,2.4,1.43,11.5,4.2,4.8,50.0,12.9
Montserrat,1219.0,1345000.0,62.0,1.71,2.33,11.5,4.2,4.8,50.0,12.9
Tuvalu,1217.2,5000000.0,67.34,1.0,5.38,11.5,4.2,4.8,50.0,12.9
Falkland Islands,1214.4,5000000.0,67.29,0.75,3.0,11.5,4.2,4.8,50.0,12.9
Mauritius,1207.0,5000000.0,67.14,2.0,1.86,11.5,4.2,4.8,50.0,12.9
Saint Lucia,1204.8,2425000.0,64.33,1.25,1.75,11.5,4.2,4.8,50.0,12.9
Aruba,1197.8,5000000.0,66.96,2.8,2.17,11.5,4.2,4.8,50.0,12.9
Eritrea,1195.8,5000000.0,66.92,1.35,1.35,11.5,4.2,4.8,50.0,12.9
Frøya,1194.3,5000000.0,66.89,1.0,5.62,11.5,4.2,4.8,50.0,12.9
São Tomé and Príncipe,1180.4,5000000.0,66.61,0.75,2.0,11.5,4.2,4.8,50.0,12.9
Dominica,1154.2,5000000.0,66.08,2.0,3.0,11.5,4.2,4.8,50.0,12.9
Cook Islands,1146.5,5000000.0,65.93,0.67,4.25,11.5,4.2,4.8,50.0,12.9
Myanmar,1143.9,5000000.0,65.88,2.14,2.83,11.5,4.2,4.8,50.0,12.9
Andorra,1137.1,1200000.0,67.0,1.67,2.29,4.0,2.0,1.0,30.7,14.0
Bangladesh,1131.4,2500000.0,72.0,2.0,1.5,11.5,4.2,4.8,50.0,12.9
Gibraltar,1125.4,190000.0,52.0,3.0,2.29,3.33,1.5,1.67,30.33,10.25
Barbados,1116.1,1100000.0,63.0,1.5,2.43,11.5,4.2,4.8,50.0,12.9
Bonaire,1102.3,5000000.0,65.05,1.6,2.62,11.5,4.2,4.8,50.0,12.9
Nepal,1102.2,5000000.0,65.04,1.75,2.67,11.5,4.2,4.8,50.0,12.9
Antigua and Barbuda,1081.3,1645000.0,60.25,1.0,2.0,11.5,4.2,4.8,50.0,12.9
Alderney,1077.0,5000000.0,64.54,0.88,2.88,11.5,4.2,4.8,50.0,12.9
Djibouti,1074.0,5000000.0,64.48,1.0,3.25,11.5,4.2,4.8,50.0,12.9
Tonga,1072.2,5000000.0,64.44,1.29,4.0,11.5,4.2,4.8,50.0,12.9
Somalia,1059.6,500000.0,63.0,1.5,2.14,5.0,4.2,2.0,27.5,6.0
Taiwan,1058.0,5000000.0,64.16,2.12,1.5,11.5,4.2,4.8,50.0,12.9
Pakistan,1055.7,2600000.0,69.0,2.0,4.33,11.5,4.2,4.8,50.0,12.9
Cambodia,1054.2,5000000.0,64.08,1.86,2.0,11.5,4.2,4.8,50.0,12.9
Cayman Islands,1017.5,5000000.0,63.35,1.6,2.67,11.5,4.2,4.8,50.0,12.9
British Virgin Islands,1013.2,5000000.0,63.26,2.8,2.33,11.5,4.2,4.8,50.0,12.9
Sri Lanka,1011.4,1300000.0,67.0,1.33,1.67,11.5,4.2,4.8,50.0,12.9
Seychelles,1009.7,5000000.0,63.19,1.0,4.88,11.5,4.2,4.8,50.0,12.9
Maldives,996.4,5000000.0,62.93,1.33,2.4,11.5,4.2,4.8,50.0,12.9
Mongolia,980.6,5000000.0,62.61,1.5,2.71,11.5,4.2,4.8,50.0,12.9
Guam,975.1,5000000.0,62.5,3.0,3.33,11.5,4.2,4.8,50.0,12.9
Northern Mariana Islands,968.9,5000000.0,62.38,1.33,3.62,11.5,4.2,4.8,50.0,12.9
Liechtenstein,947.9,450000.0,58.0,1.0,3.14,2.67,1.5,1.5,24.4,11.33
Turks and Caicos Islands,946.6,5000000.0,61.93,1.75,3.17,11.5,4.2,4.8,50.0,12.9
United States Virgin Islands,941.5,5000000.0,61.83,0.62,3.12,11.5,4.2,4.8,50.0,12.9
Laos,937.5,5000000.0,61.75,1.5,1.88,11.5,4.2,4.8,50.0,12.9
Bahamas,930.1,5000000.0,61.6,1.0,4.25,11.5,4.2,4.8,50.0,12.9
American Samoa,929.4,5000000.0,61.59,1.33,3.0,11.5,4.2,4.8,50.0,12.9
San Marino,917.0,5000000.0,61.34,1.0,4.38,4.0,1.0,2.0,27.35,14.75
Timor-Leste,904.3,5000000.0,61.09,1.17,2.5,2.0,2.0,4.8,50.0,12.9
Brunei,889.9,5000000.0,60.8,1.25,2.75,11.5,4.2,4.8,50.0,12.9
Anguilla,879.6,5000000.0,60.59,2.33,2.75,11.5,4.2,4.8,50.0,12.9
Bhutan,859.2,5000000.0,60.18,1.0,3.33,11.5,4.2,4.8,50.0,12.9
Macau,838.8,5000000.0,59.78,1.0,2.88,11.5,4.2,4.8,50.0,12.9
