event_id,fecha,temporada,stage,is_knockout,is_neutral,local_id,visita_id,local,visita,goles_local,goles_visita,estado,status_name
401915447,2026-09-09 21:00:00,2027,league-phase,0,0,2250,432,Sporting CP,Galatasaray,,,pre,STATUS_IN_PROGRESS
401915445,2026-09-09 21:00:00,2027,league-phase,0,0,160,521,PSG,Slovan Bratislava,,,pre,STATUS_FIRST_HALF
401915446,2026-09-09 21:00:00,2027,league-phase,0,0,364,1068,Liverpool,Atletico Madrid,,,pre,STATUS_FIRST_HALF
401915423,2026-09-09 21:00:00,2027,league-phase,0,0,114,359,Napoli,Arsenal,,,pre,STATUS_FIRST_HALF
401915444,2026-09-10 18:45:00,2027,league-phase,0,0,436,104,Fenerbahce,AS Roma,,,pre,STATUS_SCHEDULED
401915422,2026-09-10 18:45:00,2027,league-phase,0,0,148,493,PSV,Shakhtar Donetsk,,,pre,STATUS_SCHEDULED
401915443,2026-09-10 21:00:00,2027,league-phase,0,0,132,2980,Bayern Munich,Bodo/Glimt,,,pre,STATUS_SCHEDULED
401915441,2026-09-10 21:00:00,2027,league-phase,0,0,2572,11420,Como,RB Leipzig,,,pre,STATUS_SCHEDULED
401915442,2026-09-10 21:00:00,2027,league-phase,0,0,360,21922,Manchester United,Sabah FK,,,pre,STATUS_SCHEDULED
401915440,2026-09-10 21:00:00,2027,league-phase,0,0,494,175,Slavia Praga,Lens,,,pre,STATUS_SCHEDULED
401915418,2026-10-13 18:45:00,2027,league-phase,0,0,175,2250,Lens,Sporting CP,,,pre,STATUS_SCHEDULED
401915436,2026-10-13 18:45:00,2027,league-phase,0,0,21922,494,Sabah FK,Slavia Praga,,,pre,STATUS_SCHEDULED
401915410,2026-10-13 21:00:00,2027,league-phase,0,0,102,114,Villarreal,Napoli,,,pre,STATUS_SCHEDULED
401915411,2026-10-13 21:00:00,2027,league-phase,0,0,510,132,Viking FK,Bayern Munich,,,pre,STATUS_SCHEDULED
401915413,2026-10-13 21:00:00,2027,league-phase,0,0,110,570,Inter,Club Brugge,,,pre,STATUS_SCHEDULED
401915434,2026-10-13 21:00:00,2027,league-phase,0,0,11420,148,RB Leipzig,PSV,,,pre,STATUS_SCHEDULED
401915412,2026-10-13 21:00:00,2027,league-phase,0,0,1068,360,Atletico Madrid,Manchester United,,,pre,STATUS_SCHEDULED
401915435,2026-10-13 21:00:00,2027,league-phase,0,0,432,83,Galatasaray,FC Barcelona,,,pre,STATUS_SCHEDULED
401915417,2026-10-13 21:00:00,2027,league-phase,0,0,359,166,Arsenal,Lille,,,pre,STATUS_SCHEDULED
401915416,2026-10-14 18:45:00,2027,league-phase,0,0,142,2572,Feyenoord,Como,,,pre,STATUS_SCHEDULED
401915415,2026-10-14 18:45:00,2027,league-phase,0,0,4411,364,LASK Linz,Liverpool,,,pre,STATUS_SCHEDULED
401915414,2026-10-14 21:00:00,2027,league-phase,0,0,104,86,AS Roma,Real Madrid,,,pre,STATUS_SCHEDULED
401915409,2026-10-14 21:00:00,2027,league-phase,0,0,362,436,Aston Villa,Fenerbahce,,,pre,STATUS_SCHEDULED
401915393,2026-10-14 21:00:00,2027,league-phase,0,0,2980,124,Bodo/Glimt,Borussia Dortmund,,,pre,STATUS_SCHEDULED
401915407,2026-10-14 21:00:00,2027,league-phase,0,0,382,160,Manchester City,PSG,,,pre,STATUS_SCHEDULED
401915408,2026-10-14 21:00:00,2027,league-phase,0,0,244,437,Real Betis,Porto,,,pre,STATUS_SCHEDULED
401915406,2026-10-14 21:00:00,2027,league-phase,0,0,493,887,Shakhtar Donetsk,AEK Athens,,,pre,STATUS_SCHEDULED
401915405,2026-10-14 21:00:00,2027,league-phase,0,0,521,134,Slovan Bratislava,VfB Stuttgart,,,pre,STATUS_SCHEDULED
401915404,2026-10-20 18:45:00,2027,league-phase,0,0,21922,124,Sabah FK,Borussia Dortmund,,,pre,STATUS_SCHEDULED
401915403,2026-10-20 18:45:00,2027,league-phase,0,0,436,494,Fenerbahce,Slavia Praga,,,pre,STATUS_SCHEDULED
401915402,2026-10-20 21:00:00,2027,league-phase,0,0,104,521,AS Roma,Slovan Bratislava,,,pre,STATUS_SCHEDULED
401915398,2026-10-20 21:00:00,2027,league-phase,0,0,437,148,Porto,PSV,,,pre,STATUS_SCHEDULED
401915397,2026-10-20 21:00:00,2027,league-phase,0,0,364,102,Liverpool,Villarreal,,,pre,STATUS_SCHEDULED
401915401,2026-10-20 21:00:00,2027,league-phase,0,0,382,887,Manchester City,AEK Athens,,,pre,STATUS_SCHEDULED
401915400,2026-10-20 21:00:00,2027,league-phase,0,0,114,2980,Napoli,Bodo/Glimt,,,pre,STATUS_SCHEDULED
401915399,2026-10-20 21:00:00,2027,league-phase,0,0,160,83,PSG,FC Barcelona,,,pre,STATUS_SCHEDULED
401915392,2026-10-20 21:00:00,2027,league-phase,0,0,134,1068,VfB Stuttgart,Atletico Madrid,,,pre,STATUS_SCHEDULED
401915395,2026-10-21 18:45:00,2027,league-phase,0,0,2572,360,Como,Manchester United,,,pre,STATUS_SCHEDULED
401915396,2026-10-21 18:45:00,2027,league-phase,0,0,166,432,Lille,Galatasaray,,,pre,STATUS_SCHEDULED
401915313,2026-10-21 21:00:00,2027,league-phase,0,0,86,11420,Real Madrid,RB Leipzig,,,pre,STATUS_SCHEDULED
401915389,2026-10-21 21:00:00,2027,league-phase,0,0,244,142,Real Betis,Feyenoord,,,pre,STATUS_SCHEDULED
401915391,2026-10-21 21:00:00,2027,league-phase,0,0,2250,4411,Sporting CP,LASK Linz,,,pre,STATUS_SCHEDULED
401915390,2026-10-21 21:00:00,2027,league-phase,0,0,110,493,Inter,Shakhtar Donetsk,,,pre,STATUS_SCHEDULED
401915312,2026-10-21 21:00:00,2027,league-phase,0,0,132,359,Bayern Munich,Arsenal,,,pre,STATUS_SCHEDULED
401915394,2026-10-21 21:00:00,2027,league-phase,0,0,362,510,Aston Villa,Viking FK,,,pre,STATUS_SCHEDULED
401915388,2026-10-21 21:00:00,2027,league-phase,0,0,570,175,Club Brugge,Lens,,,pre,STATUS_SCHEDULED
401915311,2026-11-03 18:45:00,2027,league-phase,0,0,432,134,Galatasaray,VfB Stuttgart,,,pre,STATUS_SCHEDULED
401915310,2026-11-03 18:45:00,2027,league-phase,0,0,493,2250,Shakhtar Donetsk,Sporting CP,,,pre,STATUS_SCHEDULED
401915386,2026-11-03 21:00:00,2027,league-phase,0,0,1068,132,Atletico Madrid,Bayern Munich,,,pre,STATUS_SCHEDULED
401915387,2026-11-03 21:00:00,2027,league-phase,0,0,83,362,FC Barcelona,Aston Villa,,,pre,STATUS_SCHEDULED
401915384,2026-11-03 21:00:00,2027,league-phase,0,0,2980,166,Bodo/Glimt,Lille,,,pre,STATUS_SCHEDULED
401915307,2026-11-03 21:00:00,2027,league-phase,0,0,142,110,Feyenoord,Inter,,,pre,STATUS_SCHEDULED
401915385,2026-11-03 21:00:00,2027,league-phase,0,0,4411,521,LASK Linz,Slovan Bratislava,,,pre,STATUS_SCHEDULED
401915308,2026-11-03 21:00:00,2027,league-phase,0,0,360,104,Manchester United,AS Roma,,,pre,STATUS_SCHEDULED
401915309,2026-11-03 21:00:00,2027,league-phase,0,0,102,160,Villarreal,PSG,,,pre,STATUS_SCHEDULED
401915382,2026-11-04 18:45:00,2027,league-phase,0,0,436,364,Fenerbahce,Liverpool,,,pre,STATUS_SCHEDULED
401915383,2026-11-04 18:45:00,2027,league-phase,0,0,887,86,AEK Athens,Real Madrid,,,pre,STATUS_SCHEDULED
401915304,2026-11-04 21:00:00,2027,league-phase,0,0,124,244,Borussia Dortmund,Real Betis,,,pre,STATUS_SCHEDULED
401915301,2026-11-04 21:00:00,2027,league-phase,0,0,437,114,Porto,Napoli,,,pre,STATUS_SCHEDULED
401915305,2026-11-04 21:00:00,2027,league-phase,0,0,175,2572,Lens,Como,,,pre,STATUS_SCHEDULED
401915303,2026-11-04 21:00:00,2027,league-phase,0,0,148,570,PSV,Club Brugge,,,pre,STATUS_SCHEDULED
401915306,2026-11-04 21:00:00,2027,league-phase,0,0,11420,382,RB Leipzig,Manchester City,,,pre,STATUS_SCHEDULED
401915381,2026-11-04 21:00:00,2027,league-phase,0,0,494,359,Slavia Praga,Arsenal,,,pre,STATUS_SCHEDULED
401915302,2026-11-04 21:00:00,2027,league-phase,0,0,510,21922,Viking FK,Sabah FK,,,pre,STATUS_SCHEDULED
401915380,2026-11-24 18:45:00,2027,league-phase,0,0,2980,4411,Bodo/Glimt,LASK Linz,,,pre,STATUS_SCHEDULED
401915300,2026-11-24 18:45:00,2027,league-phase,0,0,432,362,Galatasaray,Aston Villa,,,pre,STATUS_SCHEDULED
401915298,2026-11-24 21:00:00,2027,league-phase,0,0,86,148,Real Madrid,PSV,,,pre,STATUS_SCHEDULED
401915297,2026-11-24 21:00:00,2027,league-phase,0,0,521,244,Slovan Bratislava,Real Betis,,,pre,STATUS_SCHEDULED
401915379,2026-11-24 21:00:00,2027,league-phase,0,0,382,114,Manchester City,Napoli,,,pre,STATUS_SCHEDULED
401915299,2026-11-24 21:00:00,2027,league-phase,0,0,11420,175,RB Leipzig,Lens,,,pre,STATUS_SCHEDULED
401915296,2026-11-24 21:00:00,2027,league-phase,0,0,2572,887,Como,AEK Athens,,,pre,STATUS_SCHEDULED
401915295,2026-11-24 21:00:00,2027,league-phase,0,0,359,124,Arsenal,Borussia Dortmund,,,pre,STATUS_SCHEDULED
401915294,2026-11-24 21:00:00,2027,league-phase,0,0,142,437,Feyenoord,Porto,,,pre,STATUS_SCHEDULED
401915378,2026-11-25 18:45:00,2027,league-phase,0,0,21922,83,Sabah FK,FC Barcelona,,,pre,STATUS_SCHEDULED
401915293,2026-11-25 18:45:00,2027,league-phase,0,0,494,102,Slavia Praga,Villarreal,,,pre,STATUS_SCHEDULED
401915291,2026-11-25 21:00:00,2027,league-phase,0,0,1068,510,Atletico Madrid,Viking FK,,,pre,STATUS_SCHEDULED
401915292,2026-11-25 21:00:00,2027,league-phase,0,0,570,364,Club Brugge,Liverpool,,,pre,STATUS_SCHEDULED
401915376,2026-11-25 21:00:00,2027,league-phase,0,0,110,134,Inter,VfB Stuttgart,,,pre,STATUS_SCHEDULED
401915377,2026-11-25 21:00:00,2027,league-phase,0,0,166,132,Lille,Bayern Munich,,,pre,STATUS_SCHEDULED
401915374,2026-11-25 21:00:00,2027,league-phase,0,0,160,104,PSG,AS Roma,,,pre,STATUS_SCHEDULED
401915375,2026-11-25 21:00:00,2027,league-phase,0,0,493,436,Shakhtar Donetsk,Fenerbahce,,,pre,STATUS_SCHEDULED
401915373,2026-11-25 21:00:00,2027,league-phase,0,0,2250,360,Sporting CP,Manchester United,,,pre,STATUS_SCHEDULED
401915372,2026-12-08 18:45:00,2027,league-phase,0,0,102,21922,Villarreal,Sabah FK,,,pre,STATUS_SCHEDULED
401915290,2026-12-08 18:45:00,2027,league-phase,0,0,510,142,Viking FK,Feyenoord,,,pre,STATUS_SCHEDULED
401915289,2026-12-08 21:00:00,2027,league-phase,0,0,887,432,AEK Athens,Galatasaray,,,pre,STATUS_SCHEDULED
401915288,2026-12-08 21:00:00,2027,league-phase,0,0,104,2250,AS Roma,Sporting CP,,,pre,STATUS_SCHEDULED
401915286,2026-12-08 21:00:00,2027,league-phase,0,0,362,160,Aston Villa,PSG,,,pre,STATUS_SCHEDULED
401915285,2026-12-08 21:00:00,2027,league-phase,0,0,83,382,FC Barcelona,Manchester City,,,pre,STATUS_SCHEDULED
401915284,2026-12-08 21:00:00,2027,league-phase,0,0,132,494,Bayern Munich,Slavia Praga,,,pre,STATUS_SCHEDULED
401915371,2026-12-08 21:00:00,2027,league-phase,0,0,360,11420,Manchester United,RB Leipzig,,,pre,STATUS_SCHEDULED
401915287,2026-12-08 21:00:00,2027,league-phase,0,0,114,570,Napoli,Club Brugge,,,pre,STATUS_SCHEDULED
401915283,2026-12-09 18:45:00,2027,league-phase,0,0,244,2572,Real Betis,Como,,,pre,STATUS_SCHEDULED
401915282,2026-12-09 18:45:00,2027,league-phase,0,0,521,493,Slovan Bratislava,Shakhtar Donetsk,,,pre,STATUS_SCHEDULED
401915366,2026-12-09 21:00:00,2027,league-phase,0,0,148,1068,PSV,Atletico Madrid,,,pre,STATUS_SCHEDULED
401915365,2026-12-09 21:00:00,2027,league-phase,0,0,134,166,VfB Stuttgart,Lille,,,pre,STATUS_SCHEDULED
401915370,2026-12-09 21:00:00,2027,league-phase,0,0,175,2980,Lens,Bodo/Glimt,,,pre,STATUS_SCHEDULED
401915369,2026-12-09 21:00:00,2027,league-phase,0,0,364,437,Liverpool,Porto,,,pre,STATUS_SCHEDULED
401915368,2026-12-09 21:00:00,2027,league-phase,0,0,124,110,Borussia Dortmund,Inter,,,pre,STATUS_SCHEDULED
401915367,2026-12-09 21:00:00,2027,league-phase,0,0,359,86,Arsenal,Real Madrid,,,pre,STATUS_SCHEDULED
401915281,2026-12-09 21:00:00,2027,league-phase,0,0,4411,436,LASK Linz,Fenerbahce,,,pre,STATUS_SCHEDULED
401915364,2027-01-19 18:45:00,2027,league-phase,0,0,2980,1068,Bodo/Glimt,Atletico Madrid,,,pre,STATUS_SCHEDULED
401915363,2027-01-19 18:45:00,2027,league-phase,0,0,432,142,Galatasaray,Feyenoord,,,pre,STATUS_SCHEDULED
401915359,2027-01-19 21:00:00,2027,league-phase,0,0,134,570,VfB Stuttgart,Club Brugge,,,pre,STATUS_SCHEDULED
401915280,2027-01-19 21:00:00,2027,league-phase,0,0,86,4411,Real Madrid,LASK Linz,,,pre,STATUS_SCHEDULED
401915361,2027-01-19 21:00:00,2027,league-phase,0,0,166,521,Lille,Slovan Bratislava,,,pre,STATUS_SCHEDULED
401915360,2027-01-19 21:00:00,2027,league-phase,0,0,110,364,Inter,Liverpool,,,pre,STATUS_SCHEDULED
401915278,2027-01-19 21:00:00,2027,league-phase,0,0,437,494,Porto,Slavia Praga,,,pre,STATUS_SCHEDULED
401915279,2027-01-19 21:00:00,2027,league-phase,0,0,362,124,Aston Villa,Borussia Dortmund,,,pre,STATUS_SCHEDULED
401915362,2027-01-19 21:00:00,2027,league-phase,0,0,887,104,AEK Athens,AS Roma,,,pre,STATUS_SCHEDULED
401915277,2027-01-20 18:45:00,2027,league-phase,0,0,436,102,Fenerbahce,Villarreal,,,pre,STATUS_SCHEDULED
401915358,2027-01-20 18:45:00,2027,league-phase,0,0,21922,114,Sabah FK,Napoli,,,pre,STATUS_SCHEDULED
401915272,2027-01-20 21:00:00,2027,league-phase,0,0,510,148,Viking FK,PSV,,,pre,STATUS_SCHEDULED
401915356,2027-01-20 21:00:00,2027,league-phase,0,0,2250,83,Sporting CP,FC Barcelona,,,pre,STATUS_SCHEDULED
401915275,2027-01-20 21:00:00,2027,league-phase,0,0,244,359,Real Betis,Arsenal,,,pre,STATUS_SCHEDULED
401915273,2027-01-20 21:00:00,2027,league-phase,0,0,2572,160,Como,PSG,,,pre,STATUS_SCHEDULED
401915357,2027-01-20 21:00:00,2027,league-phase,0,0,360,132,Manchester United,Bayern Munich,,,pre,STATUS_SCHEDULED
401915274,2027-01-20 21:00:00,2027,league-phase,0,0,175,382,Lens,Manchester City,,,pre,STATUS_SCHEDULED
401915276,2027-01-20 21:00:00,2027,league-phase,0,0,11420,493,RB Leipzig,Shakhtar Donetsk,,,pre,STATUS_SCHEDULED
401915353,2027-01-27 21:00:00,2027,league-phase,0,0,364,175,Liverpool,Lens,,,pre,STATUS_SCHEDULED
401915351,2027-01-27 21:00:00,2027,league-phase,0,0,494,362,Slavia Praga,Aston Villa,,,pre,STATUS_SCHEDULED
401915270,2027-01-27 21:00:00,2027,league-phase,0,0,493,86,Shakhtar Donetsk,Real Madrid,,,pre,STATUS_SCHEDULED
401915350,2027-01-27 21:00:00,2027,league-phase,0,0,148,134,PSV,VfB Stuttgart,,,pre,STATUS_SCHEDULED
401915267,2027-01-27 21:00:00,2027,league-phase,0,0,160,432,PSG,Galatasaray,,,pre,STATUS_SCHEDULED
401915268,2027-01-27 21:00:00,2027,league-phase,0,0,114,510,Napoli,Viking FK,,,pre,STATUS_SCHEDULED
401915352,2027-01-27 21:00:00,2027,league-phase,0,0,382,2250,Manchester City,Sporting CP,,,pre,STATUS_SCHEDULED
401915355,2027-01-27 21:00:00,2027,league-phase,0,0,4411,437,LASK Linz,Porto,,,pre,STATUS_SCHEDULED
401915269,2027-01-27 21:00:00,2027,league-phase,0,0,521,110,Slovan Bratislava,Inter,,,pre,STATUS_SCHEDULED
401915266,2027-01-27 21:00:00,2027,league-phase,0,0,570,2980,Club Brugge,Bodo/Glimt,,,pre,STATUS_SCHEDULED
401915265,2027-01-27 21:00:00,2027,league-phase,0,0,124,887,Borussia Dortmund,AEK Athens,,,pre,STATUS_SCHEDULED
401915348,2027-01-27 21:00:00,2027,league-phase,0,0,132,244,Bayern Munich,Real Betis,,,pre,STATUS_SCHEDULED
401915264,2027-01-27 21:00:00,2027,league-phase,0,0,83,2572,FC Barcelona,Como,,,pre,STATUS_SCHEDULED
401915347,2027-01-27 21:00:00,2027,league-phase,0,0,1068,436,Atletico Madrid,Fenerbahce,,,pre,STATUS_SCHEDULED
401915354,2027-01-27 21:00:00,2027,league-phase,0,0,104,166,AS Roma,Lille,,,pre,STATUS_SCHEDULED
401915346,2027-01-27 21:00:00,2027,league-phase,0,0,359,21922,Arsenal,Sabah FK,,,pre,STATUS_SCHEDULED
401915271,2027-01-27 21:00:00,2027,league-phase,0,0,142,11420,Feyenoord,RB Leipzig,,,pre,STATUS_SCHEDULED
401915349,2027-01-27 21:00:00,2027,league-phase,0,0,102,360,Villarreal,Manchester United,,,pre,STATUS_SCHEDULED
