event_id,fecha,temporada,local_id,visita_id,local,visita,goles_local,goles_visita,estado,status_name
572352,2021-01-02 12:30:00,2021,257,256,Rangers,Celtic,1,0,post,STATUS_FULL_TIME
572353,2021-01-02 15:00:00,2021,263,264,Aberdeen,Dundee United,0,0,post,STATUS_FULL_TIME
572355,2021-01-02 15:00:00,2021,409,266,Hamilton Academical,Motherwell,3,0,post,STATUS_FULL_TIME
572354,2021-01-02 15:00:00,2021,258,259,Hibernian,Livingston,0,3,post,STATUS_FULL_TIME
572357,2021-01-02 15:00:00,2021,260,250,Kilmarnock,St Mirren,1,1,post,STATUS_FULL_TIME
572356,2021-01-02 15:00:00,2021,251,267,Ross County,St Johnstone,1,1,post,STATUS_FULL_TIME
572346,2021-01-09 15:00:00,2021,260,409,Kilmarnock,Hamilton Academical,2,0,post,STATUS_FULL_TIME
572348,2021-01-09 15:00:00,2021,250,266,St Mirren,Motherwell,1,1,post,STATUS_FULL_TIME
572350,2021-01-10 15:00:00,2021,259,251,Livingston,Ross County,3,1,post,STATUS_FULL_TIME
572349,2021-01-10 15:00:00,2021,263,257,Aberdeen,Rangers,1,2,post,STATUS_FULL_TIME
572347,2021-01-11 19:45:00,2021,256,258,Celtic,Hibernian,1,1,post,STATUS_FULL_TIME
572351,2021-01-12 18:30:00,2021,264,267,Dundee United,St Johnstone,2,2,post,STATUS_FULL_TIME
572343,2021-01-16 15:00:00,2021,256,259,Celtic,Livingston,0,0,post,STATUS_FULL_TIME
572341,2021-01-16 15:00:00,2021,409,264,Hamilton Academical,Dundee United,0,0,post,STATUS_FULL_TIME
572342,2021-01-16 15:00:00,2021,258,260,Hibernian,Kilmarnock,2,0,post,STATUS_FULL_TIME
572340,2021-01-16 15:00:00,2021,251,263,Ross County,Aberdeen,4,1,post,STATUS_FULL_TIME
572345,2021-01-16 15:00:00,2021,267,250,St Johnstone,St Mirren,1,0,post,STATUS_FULL_TIME
572344,2021-01-17 12:00:00,2021,266,257,Motherwell,Rangers,1,1,post,STATUS_FULL_TIME
572390,2021-01-20 20:15:00,2021,259,256,Livingston,Celtic,2,2,post,STATUS_FULL_TIME
572338,2021-01-23 15:00:00,2021,257,251,Rangers,Ross County,5,0,post,STATUS_FULL_TIME
572337,2021-01-23 15:00:00,2021,263,266,Aberdeen,Motherwell,2,0,post,STATUS_FULL_TIME
572333,2021-01-27 18:00:00,2021,264,250,Dundee United,St Mirren,1,5,post,STATUS_FULL_TIME
572331,2021-01-27 18:00:00,2021,251,266,Ross County,Motherwell,1,2,post,STATUS_FULL_TIME
572328,2021-01-27 18:00:00,2021,267,263,St Johnstone,Aberdeen,0,0,post,STATUS_FULL_TIME
572329,2021-01-27 19:45:00,2021,256,409,Celtic,Hamilton Academical,2,0,post,STATUS_FULL_TIME
572332,2021-01-27 19:45:00,2021,258,257,Hibernian,Rangers,0,1,post,STATUS_FULL_TIME
572330,2021-01-27 19:45:00,2021,259,260,Livingston,Kilmarnock,2,0,post,STATUS_FULL_TIME
572358,2021-01-30 15:00:00,2021,259,263,Livingston,Aberdeen,0,0,post,STATUS_FULL_TIME
572339,2021-01-30 15:00:00,2021,260,267,Kilmarnock,St Johnstone,2,3,post,STATUS_FULL_TIME
572457,2021-01-30 15:00:00,2021,256,250,Celtic,St Mirren,1,2,post,STATUS_FULL_TIME
572336,2021-01-30 15:00:00,2021,264,258,Dundee United,Hibernian,0,2,post,STATUS_FULL_TIME
572325,2021-02-02 18:00:00,2021,263,259,Aberdeen,Livingston,0,2,post,STATUS_FULL_TIME
572324,2021-02-02 18:00:00,2021,250,258,St Mirren,Hibernian,1,2,post,STATUS_FULL_TIME
572322,2021-02-02 19:45:00,2021,260,256,Kilmarnock,Celtic,0,4,post,STATUS_FULL_TIME
572326,2021-02-03 18:00:00,2021,409,251,Hamilton Academical,Ross County,1,2,post,STATUS_FULL_TIME
572323,2021-02-03 18:00:00,2021,266,264,Motherwell,Dundee United,2,1,post,STATUS_FULL_TIME
572327,2021-02-03 19:45:00,2021,257,267,Rangers,St Johnstone,1,0,post,STATUS_FULL_TIME
572318,2021-02-06 15:00:00,2021,250,260,St Mirren,Kilmarnock,2,0,post,STATUS_FULL_TIME
572317,2021-02-06 15:00:00,2021,251,264,Ross County,Dundee United,0,2,post,STATUS_FULL_TIME
572319,2021-02-06 15:00:00,2021,256,266,Celtic,Motherwell,2,1,post,STATUS_FULL_TIME
572316,2021-02-06 15:00:00,2021,258,263,Hibernian,Aberdeen,2,0,post,STATUS_FULL_TIME
572321,2021-02-06 15:00:00,2021,259,267,Livingston,St Johnstone,1,2,post,STATUS_FULL_TIME
572320,2021-02-07 12:00:00,2021,409,257,Hamilton Academical,Rangers,1,1,post,STATUS_FULL_TIME
572477,2021-02-10 18:00:00,2021,260,266,Kilmarnock,Motherwell,0,1,post,STATUS_FULL_TIME
572334,2021-02-10 20:00:00,2021,250,256,St Mirren,Celtic,0,4,post,STATUS_FULL_TIME
572311,2021-02-13 15:00:00,2021,266,409,Motherwell,Hamilton Academical,1,4,post,STATUS_FULL_TIME
572313,2021-02-13 15:00:00,2021,257,260,Rangers,Kilmarnock,1,0,post,STATUS_FULL_TIME
572315,2021-02-13 15:00:00,2021,263,250,Aberdeen,St Mirren,0,0,post,STATUS_FULL_TIME
572314,2021-02-13 15:00:00,2021,264,259,Dundee United,Livingston,3,0,post,STATUS_FULL_TIME
572310,2021-02-14 12:00:00,2021,267,256,St Johnstone,Celtic,1,2,post,STATUS_FULL_TIME
572512,2021-02-17 18:00:00,2021,256,263,Celtic,Aberdeen,1,0,post,STATUS_FULL_TIME
572463,2021-02-17 18:00:00,2021,250,409,St Mirren,Hamilton Academical,1,1,post,STATUS_FULL_TIME
572290,2021-02-20 15:00:00,2021,250,259,St Mirren,Livingston,1,1,post,STATUS_FULL_TIME
572289,2021-02-20 15:00:00,2021,263,260,Aberdeen,Kilmarnock,1,0,post,STATUS_FULL_TIME
572288,2021-02-20 15:00:00,2021,258,409,Hibernian,Hamilton Academical,2,0,post,STATUS_FULL_TIME
572291,2021-02-20 15:00:00,2021,266,267,Motherwell,St Johnstone,0,3,post,STATUS_FULL_TIME
572287,2021-02-21 15:00:00,2021,257,264,Rangers,Dundee United,4,1,post,STATUS_FULL_TIME
572286,2021-02-21 19:30:00,2021,251,256,Ross County,Celtic,1,0,post,STATUS_FULL_TIME
572471,2021-02-24 18:00:00,2021,250,266,St Mirren,Motherwell,0,0,post,STATUS_FULL_TIME
572304,2021-02-27 15:00:00,2021,256,263,Celtic,Aberdeen,1,0,post,STATUS_FULL_TIME
572306,2021-02-27 15:00:00,2021,258,266,Hibernian,Motherwell,0,2,post,STATUS_FULL_TIME
572305,2021-02-27 15:00:00,2021,260,264,Kilmarnock,Dundee United,1,1,post,STATUS_FULL_TIME
572308,2021-02-27 15:00:00,2021,250,251,St Mirren,Ross County,1,0,post,STATUS_FULL_TIME
572309,2021-03-03 18:00:00,2021,409,267,Hamilton Academical,St Johnstone,1,1,post,STATUS_FULL_TIME
572307,2021-03-03 18:00:00,2021,259,257,Livingston,Rangers,0,1,post,STATUS_FULL_TIME
572300,2021-03-06 15:00:00,2021,267,258,St Johnstone,Hibernian,1,0,post,STATUS_FULL_TIME
572301,2021-03-06 15:00:00,2021,251,260,Ross County,Kilmarnock,3,2,post,STATUS_FULL_TIME
572302,2021-03-06 15:00:00,2021,266,259,Motherwell,Livingston,3,1,post,STATUS_FULL_TIME
572299,2021-03-06 15:00:00,2021,263,409,Aberdeen,Hamilton Academical,0,0,post,STATUS_FULL_TIME
572303,2021-03-06 15:00:00,2021,257,250,Rangers,St Mirren,3,0,post,STATUS_FULL_TIME
572298,2021-03-07 12:00:00,2021,264,256,Dundee United,Celtic,0,0,post,STATUS_FULL_TIME
572335,2021-03-13 15:00:00,2021,259,409,Livingston,Hamilton Academical,2,1,post,STATUS_FULL_TIME
572312,2021-03-13 15:00:00,2021,251,258,Ross County,Hibernian,1,2,post,STATUS_FULL_TIME
572296,2021-03-20 15:00:00,2021,267,251,St Johnstone,Ross County,1,0,post,STATUS_FULL_TIME
572293,2021-03-20 15:00:00,2021,259,258,Livingston,Hibernian,1,1,post,STATUS_FULL_TIME
572292,2021-03-20 15:00:00,2021,264,263,Dundee United,Aberdeen,1,0,post,STATUS_FULL_TIME
572297,2021-03-20 15:00:00,2021,409,250,Hamilton Academical,St Mirren,1,1,post,STATUS_FULL_TIME
572294,2021-03-20 15:00:00,2021,260,266,Kilmarnock,Motherwell,4,1,post,STATUS_FULL_TIME
572295,2021-03-21 12:00:00,2021,256,257,Celtic,Rangers,1,1,post,STATUS_FULL_TIME
597194,2021-04-10 15:00:00,2021,256,259,Celtic,Livingston,6,0,post,STATUS_FULL_TIME
597195,2021-04-10 15:00:00,2021,409,264,Hamilton Academical,Dundee United,0,1,post,STATUS_FULL_TIME
597198,2021-04-10 15:00:00,2021,260,251,Kilmarnock,Ross County,2,2,post,STATUS_FULL_TIME
597197,2021-04-10 15:00:00,2021,266,250,Motherwell,St Mirren,1,0,post,STATUS_FULL_TIME
597196,2021-04-10 15:00:00,2021,267,263,St Johnstone,Aberdeen,0,1,post,STATUS_FULL_TIME
597199,2021-04-11 15:00:00,2021,257,258,Rangers,Hibernian,2,1,post,STATUS_FULL_TIME
597201,2021-04-21 18:00:00,2021,409,266,Hamilton Academical,Motherwell,0,1,post,STATUS_FULL_TIME
597205,2021-04-21 18:00:00,2021,258,259,Hibernian,Livingston,2,1,post,STATUS_FULL_TIME
597202,2021-04-21 19:00:00,2021,267,257,St Johnstone,Rangers,1,1,post,STATUS_FULL_TIME
597200,2021-04-21 19:45:00,2021,263,256,Aberdeen,Celtic,1,1,post,STATUS_FULL_TIME
597204,2021-04-21 19:45:00,2021,260,264,Kilmarnock,Dundee United,3,0,post,STATUS_FULL_TIME
597203,2021-04-21 19:45:00,2021,251,250,Ross County,St Mirren,1,3,post,STATUS_FULL_TIME
597210,2021-05-01 15:00:00,2021,250,409,St Mirren,Hamilton Academical,1,2,post,STATUS_FULL_TIME
597209,2021-05-01 15:00:00,2021,266,260,Motherwell,Kilmarnock,2,0,post,STATUS_FULL_TIME
597206,2021-05-01 15:00:00,2021,258,267,Hibernian,St Johnstone,0,1,post,STATUS_FULL_TIME
597207,2021-05-01 15:00:00,2021,264,251,Dundee United,Ross County,0,2,post,STATUS_FULL_TIME
597208,2021-05-01 15:00:00,2021,259,263,Livingston,Aberdeen,1,2,post,STATUS_FULL_TIME
597211,2021-05-02 12:00:00,2021,257,256,Rangers,Celtic,4,1,post,STATUS_FULL_TIME
597214,2021-05-12 18:00:00,2021,264,266,Dundee United,Motherwell,2,2,post,STATUS_FULL_TIME
597216,2021-05-12 18:00:00,2021,259,257,Livingston,Rangers,0,3,post,STATUS_FULL_TIME
597212,2021-05-12 18:30:00,2021,256,267,Celtic,St Johnstone,4,0,post,STATUS_FULL_TIME
597213,2021-05-12 19:45:00,2021,263,258,Aberdeen,Hibernian,0,1,post,STATUS_FULL_TIME
597217,2021-05-12 19:45:00,2021,260,250,Kilmarnock,St Mirren,3,3,post,STATUS_FULL_TIME
597215,2021-05-12 19:45:00,2021,251,409,Ross County,Hamilton Academical,2,1,post,STATUS_FULL_TIME
597218,2021-05-15 12:30:00,2021,258,256,Hibernian,Celtic,0,0,post,STATUS_FULL_TIME
597219,2021-05-15 12:30:00,2021,257,263,Rangers,Aberdeen,4,0,post,STATUS_FULL_TIME
597220,2021-05-15 12:30:00,2021,267,259,St Johnstone,Livingston,0,0,post,STATUS_FULL_TIME
597223,2021-05-16 12:00:00,2021,250,264,St Mirren,Dundee United,0,0,post,STATUS_FULL_TIME
597222,2021-05-16 12:00:00,2021,409,260,Hamilton Academical,Kilmarnock,0,2,post,STATUS_FULL_TIME
597221,2021-05-16 12:00:00,2021,266,251,Motherwell,Ross County,1,2,post,STATUS_FULL_TIME
604729,2021-07-31 13:30:00,2021,257,259,Rangers,Livingston,3,0,post,STATUS_FULL_TIME
604727,2021-07-31 15:00:00,2021,251,267,Ross County,St Johnstone,0,0,post,STATUS_FULL_TIME
604728,2021-07-31 15:00:00,2021,261,250,Dundee,St Mirren,2,2,post,STATUS_FULL_TIME
604726,2021-07-31 20:00:00,2021,262,256,Heart of Midlothian,Celtic,2,1,post,STATUS_FULL_TIME
604725,2021-08-01 15:00:00,2021,263,264,Aberdeen,Dundee United,2,0,post,STATUS_FULL_TIME
604724,2021-08-01 16:30:00,2021,266,258,Motherwell,Hibernian,2,3,post,STATUS_FULL_TIME
604722,2021-08-07 12:30:00,2021,264,257,Dundee United,Rangers,1,0,post,STATUS_FULL_TIME
604721,2021-08-07 15:00:00,2021,250,262,St Mirren,Heart of Midlothian,1,2,post,STATUS_FULL_TIME
604718,2021-08-08 15:00:00,2021,267,266,St Johnstone,Motherwell,1,1,post,STATUS_FULL_TIME
604719,2021-08-08 15:00:00,2021,259,263,Livingston,Aberdeen,1,2,post,STATUS_FULL_TIME
604720,2021-08-08 15:00:00,2021,256,261,Celtic,Dundee,6,0,post,STATUS_FULL_TIME
604723,2021-08-08 15:00:00,2021,258,251,Hibernian,Ross County,3,0,post,STATUS_FULL_TIME
604717,2021-08-21 15:00:00,2021,256,250,Celtic,St Mirren,6,0,post,STATUS_FULL_TIME
604715,2021-08-21 15:00:00,2021,259,266,Livingston,Motherwell,1,2,post,STATUS_FULL_TIME
604714,2021-08-22 12:00:00,2021,261,258,Dundee,Hibernian,2,2,post,STATUS_FULL_TIME
604713,2021-08-22 15:00:00,2021,267,264,St Johnstone,Dundee United,0,1,post,STATUS_FULL_TIME
604712,2021-08-22 15:00:00,2021,262,263,Heart of Midlothian,Aberdeen,1,1,post,STATUS_FULL_TIME
604716,2021-08-22 15:00:00,2021,251,257,Ross County,Rangers,2,4,post,STATUS_FULL_TIME
604707,2021-08-28 15:00:00,2021,266,261,Motherwell,Dundee,1,0,post,STATUS_FULL_TIME
604708,2021-08-28 15:00:00,2021,264,262,Dundee United,Heart of Midlothian,0,2,post,STATUS_FULL_TIME
604709,2021-08-28 15:00:00,2021,258,259,Hibernian,Livingston,2,0,post,STATUS_FULL_TIME
604706,2021-08-29 12:00:00,2021,257,256,Rangers,Celtic,1,0,post,STATUS_FULL_TIME
604710,2021-08-29 15:00:00,2021,263,251,Aberdeen,Ross County,1,1,post,STATUS_FULL_TIME
604711,2021-08-29 15:00:00,2021,250,267,St Mirren,St Johnstone,0,0,post,STATUS_FULL_TIME
604704,2021-09-11 12:30:00,2021,267,257,St Johnstone,Rangers,1,2,post,STATUS_FULL_TIME
604705,2021-09-11 15:00:00,2021,256,251,Celtic,Ross County,3,0,post,STATUS_FULL_TIME
604703,2021-09-11 15:00:00,2021,261,259,Dundee,Livingston,0,0,post,STATUS_FULL_TIME
604700,2021-09-11 15:00:00,2021,266,263,Motherwell,Aberdeen,2,0,post,STATUS_FULL_TIME
604701,2021-09-11 15:00:00,2021,250,264,St Mirren,Dundee United,0,0,post,STATUS_FULL_TIME
604702,2021-09-12 12:00:00,2021,262,258,Heart of Midlothian,Hibernian,0,0,post,STATUS_FULL_TIME
604698,2021-09-18 15:00:00,2021,263,267,Aberdeen,St Johnstone,0,1,post,STATUS_FULL_TIME
604699,2021-09-18 15:00:00,2021,258,250,Hibernian,St Mirren,2,2,post,STATUS_FULL_TIME
604696,2021-09-18 15:00:00,2021,251,262,Ross County,Heart of Midlothian,2,2,post,STATUS_FULL_TIME
604695,2021-09-19 12:00:00,2021,264,261,Dundee United,Dundee,1,0,post,STATUS_FULL_TIME
604694,2021-09-19 15:00:00,2021,259,256,Livingston,Celtic,1,0,post,STATUS_FULL_TIME
604697,2021-09-19 15:00:00,2021,257,266,Rangers,Motherwell,1,1,post,STATUS_FULL_TIME
604690,2021-09-25 15:00:00,2021,262,259,Heart of Midlothian,Livingston,3,0,post,STATUS_FULL_TIME
604691,2021-09-25 15:00:00,2021,261,257,Dundee,Rangers,0,1,post,STATUS_FULL_TIME
604692,2021-09-25 15:00:00,2021,266,251,Motherwell,Ross County,2,1,post,STATUS_FULL_TIME
604688,2021-09-26 12:00:00,2021,250,263,St Mirren,Aberdeen,3,2,post,STATUS_FULL_TIME
604689,2021-09-26 15:00:00,2021,256,264,Celtic,Dundee United,1,1,post,STATUS_FULL_TIME
604693,2021-09-26 15:00:00,2021,258,267,Hibernian,St Johnstone,1,0,post,STATUS_FULL_TIME
604686,2021-10-02 15:00:00,2021,264,251,Dundee United,Ross County,1,0,post,STATUS_FULL_TIME
604685,2021-10-02 15:00:00,2021,262,266,Heart of Midlothian,Motherwell,2,0,post,STATUS_FULL_TIME
604687,2021-10-02 15:00:00,2021,259,250,Livingston,St Mirren,0,1,post,STATUS_FULL_TIME
604683,2021-10-02 15:00:00,2021,267,261,St Johnstone,Dundee,3,1,post,STATUS_FULL_TIME
604682,2021-10-03 12:00:00,2021,263,256,Aberdeen,Celtic,1,2,post,STATUS_FULL_TIME
604684,2021-10-03 15:00:00,2021,257,258,Rangers,Hibernian,2,1,post,STATUS_FULL_TIME
604678,2021-10-16 15:00:00,2021,258,264,Hibernian,Dundee United,0,3,post,STATUS_FULL_TIME
604677,2021-10-16 15:00:00,2021,266,256,Motherwell,Celtic,0,2,post,STATUS_FULL_TIME
604679,2021-10-16 15:00:00,2021,257,262,Rangers,Heart of Midlothian,1,1,post,STATUS_FULL_TIME
604681,2021-10-16 15:00:00,2021,251,250,Ross County,St Mirren,2,3,post,STATUS_FULL_TIME
604680,2021-10-16 15:00:00,2021,267,259,St Johnstone,Livingston,0,3,post,STATUS_FULL_TIME
604676,2021-10-16 18:00:00,2021,261,263,Dundee,Aberdeen,2,1,post,STATUS_FULL_TIME
604672,2021-10-23 15:00:00,2021,251,259,Ross County,Livingston,2,3,post,STATUS_FULL_TIME
604673,2021-10-23 15:00:00,2021,264,266,Dundee United,Motherwell,2,1,post,STATUS_FULL_TIME
604670,2021-10-23 15:00:00,2021,262,261,Heart of Midlothian,Dundee,1,1,post,STATUS_FULL_TIME
604671,2021-10-23 15:00:00,2021,263,258,Aberdeen,Hibernian,1,0,post,STATUS_FULL_TIME
604675,2021-10-23 15:00:00,2021,256,267,Celtic,St Johnstone,2,0,post,STATUS_FULL_TIME
604674,2021-10-24 12:00:00,2021,250,257,St Mirren,Rangers,1,2,post,STATUS_FULL_TIME
604667,2021-10-27 19:45:00,2021,267,262,St Johnstone,Heart of Midlothian,1,1,post,STATUS_FULL_TIME
604668,2021-10-27 19:45:00,2021,261,251,Dundee,Ross County,0,5,post,STATUS_FULL_TIME
604665,2021-10-27 19:45:00,2021,258,256,Hibernian,Celtic,1,3,post,STATUS_FULL_TIME
604666,2021-10-27 19:45:00,2021,259,264,Livingston,Dundee United,1,1,post,STATUS_FULL_TIME
604669,2021-10-27 19:45:00,2021,266,250,Motherwell,St Mirren,2,2,post,STATUS_FULL_TIME
604664,2021-10-27 19:45:00,2021,257,263,Rangers,Aberdeen,2,2,post,STATUS_FULL_TIME
604659,2021-10-30 15:00:00,2021,263,262,Aberdeen,Heart of Midlothian,2,1,post,STATUS_FULL_TIME
604661,2021-10-30 15:00:00,2021,256,259,Celtic,Livingston,0,0,post,STATUS_FULL_TIME
604663,2021-10-30 15:00:00,2021,264,267,Dundee United,St Johnstone,0,1,post,STATUS_FULL_TIME
604658,2021-10-30 15:00:00,2021,250,261,St Mirren,Dundee,0,1,post,STATUS_FULL_TIME
604662,2021-10-31 12:00:00,2021,266,257,Motherwell,Rangers,1,6,post,STATUS_FULL_TIME
604653,2021-11-06 15:00:00,2021,262,264,Heart of Midlothian,Dundee United,5,2,post,STATUS_FULL_TIME
604657,2021-11-06 15:00:00,2021,267,250,St Johnstone,St Mirren,0,0,post,STATUS_FULL_TIME
604655,2021-11-06 15:00:00,2021,263,266,Aberdeen,Motherwell,0,2,post,STATUS_FULL_TIME
604652,2021-11-07 12:00:00,2021,261,256,Dundee,Celtic,2,4,post,STATUS_FULL_TIME
604656,2021-11-07 15:00:00,2021,257,251,Rangers,Ross County,4,2,post,STATUS_FULL_TIME
604646,2021-11-20 15:00:00,2021,264,263,Dundee United,Aberdeen,1,0,post,STATUS_FULL_TIME
604649,2021-11-20 15:00:00,2021,266,262,Motherwell,Heart of Midlothian,2,0,post,STATUS_FULL_TIME
604650,2021-11-20 15:00:00,2021,250,259,St Mirren,Livingston,1,1,post,STATUS_FULL_TIME
604660,2021-11-24 19:45:00,2021,251,258,Ross County,Hibernian,1,0,post,STATUS_FULL_TIME
604643,2021-11-27 15:00:00,2021,261,266,Dundee,Motherwell,3,0,post,STATUS_FULL_TIME
604645,2021-11-27 15:00:00,2021,262,250,Heart of Midlothian,St Mirren,2,0,post,STATUS_FULL_TIME
604641,2021-11-27 15:00:00,2021,251,264,Ross County,Dundee United,1,1,post,STATUS_FULL_TIME
604642,2021-11-27 15:00:00,2021,267,258,St Johnstone,Hibernian,1,2,post,STATUS_FULL_TIME
604644,2021-11-28 12:00:00,2021,259,257,Livingston,Rangers,1,3,post,STATUS_FULL_TIME
604640,2021-11-28 15:00:00,2021,256,263,Celtic,Aberdeen,2,1,post,STATUS_FULL_TIME
604634,2021-11-30 19:45:00,2021,266,264,Motherwell,Dundee United,1,0,post,STATUS_FULL_TIME
604636,2021-12-01 19:45:00,2021,263,259,Aberdeen,Livingston,2,0,post,STATUS_FULL_TIME
604639,2021-12-01 19:45:00,2021,261,267,Dundee,St Johnstone,1,0,post,STATUS_FULL_TIME
604637,2021-12-01 19:45:00,2021,258,257,Hibernian,Rangers,0,1,post,STATUS_FULL_TIME
604638,2021-12-01 19:45:00,2021,250,251,St Mirren,Ross County,0,0,post,STATUS_FULL_TIME
604635,2021-12-02 19:45:00,2021,256,262,Celtic,Heart of Midlothian,1,0,post,STATUS_FULL_TIME
604629,2021-12-04 15:00:00,2021,257,261,Rangers,Dundee,3,0,post,STATUS_FULL_TIME
604631,2021-12-04 15:00:00,2021,258,266,Hibernian,Motherwell,1,1,post,STATUS_FULL_TIME
604633,2021-12-04 15:00:00,2021,263,250,Aberdeen,St Mirren,4,1,post,STATUS_FULL_TIME
604628,2021-12-05 12:00:00,2021,264,256,Dundee United,Celtic,0,3,post,STATUS_FULL_TIME
604630,2021-12-05 15:00:00,2021,259,262,Livingston,Heart of Midlothian,0,1,post,STATUS_FULL_TIME
604654,2021-12-08 19:45:00,2021,259,258,Livingston,Hibernian,1,0,post,STATUS_FULL_TIME
604625,2021-12-11 15:00:00,2021,264,259,Dundee United,Livingston,0,1,post,STATUS_FULL_TIME
604623,2021-12-11 15:00:00,2021,251,261,Ross County,Dundee,3,2,post,STATUS_FULL_TIME
604622,2021-12-11 15:00:00,2021,267,263,St Johnstone,Aberdeen,0,1,post,STATUS_FULL_TIME
604624,2021-12-11 15:00:00,2021,250,258,St Mirren,Hibernian,1,1,post,STATUS_FULL_TIME
604627,2021-12-12 12:00:00,2021,262,257,Heart of Midlothian,Rangers,0,2,post,STATUS_FULL_TIME
604626,2021-12-12 15:00:00,2021,256,266,Celtic,Motherwell,1,0,post,STATUS_FULL_TIME
604648,2021-12-14 19:45:00,2021,258,261,Hibernian,Dundee,1,0,post,STATUS_FULL_TIME
604651,2021-12-15 19:45:00,2021,257,267,Rangers,St Johnstone,2,0,post,STATUS_FULL_TIME
604647,2021-12-15 19:45:00,2021,251,256,Ross County,Celtic,1,2,post,STATUS_FULL_TIME
604619,2021-12-18 15:00:00,2021,261,262,Dundee,Heart of Midlothian,0,1,post,STATUS_FULL_TIME
604620,2021-12-18 15:00:00,2021,259,251,Livingston,Ross County,1,1,post,STATUS_FULL_TIME
604621,2021-12-18 15:00:00,2021,266,267,Motherwell,St Johnstone,2,0,post,STATUS_FULL_TIME
604618,2021-12-18 15:00:00,2021,257,264,Rangers,Dundee United,1,0,post,STATUS_FULL_TIME
604632,2021-12-22 19:45:00,2021,267,251,St Johnstone,Ross County,1,2,post,STATUS_FULL_TIME
604617,2021-12-22 19:45:00,2021,250,256,St Mirren,Celtic,0,0,post,STATUS_FULL_TIME
604616,2021-12-22 19:45:00,2021,258,263,Hibernian,Aberdeen,1,0,post,STATUS_FULL_TIME
604610,2021-12-26 12:30:00,2021,267,256,St Johnstone,Celtic,1,3,post,STATUS_FULL_TIME
604611,2021-12-26 15:00:00,2021,263,261,Aberdeen,Dundee,2,1,post,STATUS_FULL_TIME
604612,2021-12-26 15:00:00,2021,264,258,Dundee United,Hibernian,1,3,post,STATUS_FULL_TIME
604614,2021-12-26 15:00:00,2021,262,251,Heart of Midlothian,Ross County,2,1,post,STATUS_FULL_TIME
604613,2021-12-26 15:00:00,2021,266,259,Motherwell,Livingston,2,1,post,STATUS_FULL_TIME
604615,2021-12-26 15:00:00,2021,257,250,Rangers,St Mirren,2,0,post,STATUS_FULL_TIME
604605,2022-01-17 19:45:00,2022,256,258,Celtic,Hibernian,2,0,post,STATUS_FULL_TIME
604607,2022-01-18 19:45:00,2022,263,257,Aberdeen,Rangers,1,1,post,STATUS_FULL_TIME
604609,2022-01-18 19:45:00,2022,264,250,Dundee United,St Mirren,1,2,post,STATUS_FULL_TIME
604608,2022-01-18 19:45:00,2022,262,267,Heart of Midlothian,St Johnstone,2,0,post,STATUS_FULL_TIME
604604,2022-01-18 19:45:00,2022,259,261,Livingston,Dundee,2,0,post,STATUS_FULL_TIME
604606,2022-01-18 19:45:00,2022,251,266,Ross County,Motherwell,3,1,post,STATUS_FULL_TIME
604592,2022-01-25 19:45:00,2022,250,263,St Mirren,Aberdeen,1,0,post,STATUS_FULL_TIME
604596,2022-01-26 19:45:00,2022,257,259,Rangers,Livingston,1,0,post,STATUS_FULL_TIME
604595,2022-01-26 19:45:00,2022,266,258,Motherwell,Hibernian,0,0,post,STATUS_FULL_TIME
604594,2022-01-26 19:45:00,2022,267,261,St Johnstone,Dundee,0,0,post,STATUS_FULL_TIME
604597,2022-01-26 19:45:00,2022,264,251,Dundee United,Ross County,2,1,post,STATUS_FULL_TIME
604593,2022-01-26 19:45:00,2022,262,256,Heart of Midlothian,Celtic,1,2,post,STATUS_FULL_TIME
604589,2022-01-29 12:30:00,2022,251,257,Ross County,Rangers,3,3,post,STATUS_FULL_TIME
604586,2022-01-29 15:00:00,2022,256,264,Celtic,Dundee United,1,0,post,STATUS_FULL_TIME
604588,2022-01-29 15:00:00,2022,262,266,Heart of Midlothian,Motherwell,2,0,post,STATUS_FULL_TIME
604587,2022-01-29 15:00:00,2022,258,259,Hibernian,Livingston,2,3,post,STATUS_FULL_TIME
604598,2022-02-01 19:45:00,2022,251,263,Ross County,Aberdeen,1,1,post,STATUS_FULL_TIME
604603,2022-02-01 19:45:00,2022,259,267,Livingston,St Johnstone,1,2,post,STATUS_FULL_TIME
604601,2022-02-01 19:45:00,2022,250,266,St Mirren,Motherwell,1,1,post,STATUS_FULL_TIME
604599,2022-02-01 19:45:00,2022,261,264,Dundee,Dundee United,0,0,post,STATUS_FULL_TIME
604600,2022-02-01 19:45:00,2022,258,262,Hibernian,Heart of Midlothian,0,0,post,STATUS_FULL_TIME
604602,2022-02-02 19:45:00,2022,256,257,Celtic,Rangers,3,0,post,STATUS_FULL_TIME
604584,2022-02-05 15:00:00,2022,261,251,Dundee,Ross County,1,2,post,STATUS_FULL_TIME
604585,2022-02-05 15:00:00,2022,258,250,Hibernian,St Mirren,0,1,post,STATUS_FULL_TIME
604580,2022-02-05 15:00:00,2022,259,263,Livingston,Aberdeen,2,1,post,STATUS_FULL_TIME
604582,2022-02-05 15:00:00,2022,267,264,St Johnstone,Dundee United,0,0,post,STATUS_FULL_TIME
604581,2022-02-06 13:30:00,2022,266,256,Motherwell,Celtic,0,4,post,STATUS_FULL_TIME
604583,2022-02-06 16:00:00,2022,257,262,Rangers,Heart of Midlothian,5,0,post,STATUS_FULL_TIME
604577,2022-02-09 19:45:00,2022,251,259,Ross County,Livingston,1,1,post,STATUS_FULL_TIME
604579,2022-02-09 19:45:00,2022,250,267,St Mirren,St Johnstone,2,1,post,STATUS_FULL_TIME
604575,2022-02-09 19:45:00,2022,262,261,Heart of Midlothian,Dundee,1,2,post,STATUS_FULL_TIME
604578,2022-02-09 19:45:00,2022,264,266,Dundee United,Motherwell,2,0,post,STATUS_FULL_TIME
604574,2022-02-09 19:45:00,2022,263,256,Aberdeen,Celtic,2,3,post,STATUS_FULL_TIME
604576,2022-02-09 19:45:00,2022,257,258,Rangers,Hibernian,2,0,post,STATUS_FULL_TIME
604590,2022-02-15 19:45:00,2022,263,267,Aberdeen,St Johnstone,1,1,post,STATUS_FULL_TIME
604572,2022-02-19 15:00:00,2022,258,251,Hibernian,Ross County,2,0,post,STATUS_FULL_TIME
604573,2022-02-19 15:00:00,2022,259,250,Livingston,St Mirren,1,1,post,STATUS_FULL_TIME
604568,2022-02-19 15:00:00,2022,266,263,Motherwell,Aberdeen,1,1,post,STATUS_FULL_TIME
604570,2022-02-19 15:00:00,2022,267,262,St Johnstone,Heart of Midlothian,2,1,post,STATUS_FULL_TIME
604571,2022-02-20 12:00:00,2022,264,257,Dundee United,Rangers,1,1,post,STATUS_FULL_TIME
604569,2022-02-20 15:00:00,2022,256,261,Celtic,Dundee,3,2,post,STATUS_FULL_TIME
604563,2022-02-26 15:00:00,2022,263,264,Aberdeen,Dundee United,1,1,post,STATUS_FULL_TIME
604565,2022-02-26 15:00:00,2022,261,259,Dundee,Livingston,0,4,post,STATUS_FULL_TIME
604567,2022-02-26 15:00:00,2022,251,267,Ross County,St Johnstone,3,1,post,STATUS_FULL_TIME
604564,2022-02-26 15:00:00,2022,250,262,St Mirren,Heart of Midlothian,0,2,post,STATUS_FULL_TIME
604562,2022-02-27 12:00:00,2022,258,256,Hibernian,Celtic,0,0,post,STATUS_FULL_TIME
604566,2022-02-27 15:00:00,2022,257,266,Rangers,Motherwell,2,2,post,STATUS_FULL_TIME
604560,2022-03-02 19:45:00,2022,266,251,Motherwell,Ross County,0,1,post,STATUS_FULL_TIME
604559,2022-03-02 19:45:00,2022,267,257,St Johnstone,Rangers,0,1,post,STATUS_FULL_TIME
604557,2022-03-02 19:45:00,2022,259,264,Livingston,Dundee United,2,1,post,STATUS_FULL_TIME
604558,2022-03-02 19:45:00,2022,261,258,Dundee,Hibernian,0,0,post,STATUS_FULL_TIME
604561,2022-03-02 19:45:00,2022,256,250,Celtic,St Mirren,2,0,post,STATUS_FULL_TIME
604556,2022-03-02 19:45:00,2022,262,263,Heart of Midlothian,Aberdeen,2,0,post,STATUS_FULL_TIME
604553,2022-03-05 15:00:00,2022,264,262,Dundee United,Heart of Midlothian,2,2,post,STATUS_FULL_TIME
604554,2022-03-05 15:00:00,2022,258,267,Hibernian,St Johnstone,0,0,post,STATUS_FULL_TIME
604552,2022-03-05 15:00:00,2022,266,261,Motherwell,Dundee,1,1,post,STATUS_FULL_TIME
604550,2022-03-05 15:00:00,2022,257,263,Rangers,Aberdeen,1,0,post,STATUS_FULL_TIME
604555,2022-03-05 15:00:00,2022,251,250,Ross County,St Mirren,1,0,post,STATUS_FULL_TIME
604551,2022-03-06 12:00:00,2022,259,256,Livingston,Celtic,1,3,post,STATUS_FULL_TIME
604591,2022-03-09 19:45:00,2022,261,250,Dundee,St Mirren,0,1,post,STATUS_FULL_TIME
604547,2022-03-19 15:00:00,2022,267,266,St Johnstone,Motherwell,2,1,post,STATUS_FULL_TIME
604546,2022-03-19 15:00:00,2022,262,259,Heart of Midlothian,Livingston,2,0,post,STATUS_FULL_TIME
604544,2022-03-19 15:00:00,2022,250,264,St Mirren,Dundee United,1,2,post,STATUS_FULL_TIME
604545,2022-03-19 15:00:00,2022,263,258,Aberdeen,Hibernian,3,1,post,STATUS_FULL_TIME
604549,2022-03-19 15:00:00,2022,256,251,Celtic,Ross County,4,0,post,STATUS_FULL_TIME
604548,2022-03-20 12:00:00,2022,261,257,Dundee,Rangers,1,2,post,STATUS_FULL_TIME
604541,2022-04-02 15:00:00,2022,251,262,Ross County,Heart of Midlothian,1,1,post,STATUS_FULL_TIME
604543,2022-04-02 15:00:00,2022,266,250,Motherwell,St Mirren,4,2,post,STATUS_FULL_TIME
604542,2022-04-02 15:00:00,2022,267,259,St Johnstone,Livingston,1,0,post,STATUS_FULL_TIME
604538,2022-04-02 15:00:00,2022,261,263,Dundee,Aberdeen,2,2,post,STATUS_FULL_TIME
604540,2022-04-02 15:00:00,2022,258,264,Hibernian,Dundee United,1,1,post,STATUS_FULL_TIME
604539,2022-04-03 12:00:00,2022,257,256,Rangers,Celtic,1,2,post,STATUS_FULL_TIME
604536,2022-04-09 15:00:00,2022,263,251,Aberdeen,Ross County,0,1,post,STATUS_FULL_TIME
604537,2022-04-09 15:00:00,2022,256,267,Celtic,St Johnstone,7,0,post,STATUS_FULL_TIME
604532,2022-04-09 15:00:00,2022,264,261,Dundee United,Dundee,2,2,post,STATUS_FULL_TIME
604533,2022-04-09 15:00:00,2022,262,258,Heart of Midlothian,Hibernian,3,1,post,STATUS_FULL_TIME
604534,2022-04-09 15:00:00,2022,259,266,Livingston,Motherwell,2,2,post,STATUS_FULL_TIME
604535,2022-04-10 12:00:00,2022,250,257,St Mirren,Rangers,0,4,post,STATUS_FULL_TIME
634183,2022-04-23 12:00:00,2022,266,257,Motherwell,Rangers,1,3,post,STATUS_FULL_TIME
634182,2022-04-23 15:00:00,2022,263,259,Aberdeen,Livingston,1,2,post,STATUS_FULL_TIME
634181,2022-04-23 15:00:00,2022,261,267,Dundee,St Johnstone,1,1,post,STATUS_FULL_TIME
634180,2022-04-23 15:00:00,2022,250,258,St Mirren,Hibernian,0,1,post,STATUS_FULL_TIME
634184,2022-04-24 14:30:00,2022,251,256,Ross County,Celtic,0,2,post,STATUS_FULL_TIME
634185,2022-04-24 15:00:00,2022,264,262,Dundee United,Heart of Midlothian,2,3,post,STATUS_FULL_TIME
634190,2022-04-30 15:00:00,2022,267,250,St Johnstone,St Mirren,0,1,post,STATUS_FULL_TIME
634189,2022-04-30 15:00:00,2022,259,258,Livingston,Hibernian,1,0,post,STATUS_FULL_TIME
634187,2022-04-30 15:00:00,2022,264,266,Dundee United,Motherwell,1,0,post,STATUS_FULL_TIME
634186,2022-04-30 15:00:00,2022,263,261,Aberdeen,Dundee,1,0,post,STATUS_FULL_TIME
634188,2022-04-30 15:00:00,2022,262,251,Heart of Midlothian,Ross County,0,0,post,STATUS_FULL_TIME
634191,2022-05-01 12:00:00,2022,256,257,Celtic,Rangers,1,1,post,STATUS_FULL_TIME
634192,2022-05-07 12:00:00,2022,256,262,Celtic,Heart of Midlothian,4,1,post,STATUS_FULL_TIME
634193,2022-05-07 15:00:00,2022,258,263,Hibernian,Aberdeen,1,1,post,STATUS_FULL_TIME
634194,2022-05-07 15:00:00,2022,259,267,Livingston,St Johnstone,1,1,post,STATUS_FULL_TIME
634196,2022-05-07 15:00:00,2022,251,266,Ross County,Motherwell,0,1,post,STATUS_FULL_TIME
634195,2022-05-07 15:00:00,2022,250,261,St Mirren,Dundee,2,0,post,STATUS_FULL_TIME
634197,2022-05-08 15:00:00,2022,257,264,Rangers,Dundee United,2,0,post,STATUS_FULL_TIME
634198,2022-05-10 19:45:00,2022,261,258,Dundee,Hibernian,3,1,post,STATUS_FULL_TIME
634199,2022-05-11 19:30:00,2022,264,256,Dundee United,Celtic,1,1,post,STATUS_FULL_TIME
634203,2022-05-11 19:45:00,2022,250,259,St Mirren,Livingston,0,0,post,STATUS_FULL_TIME
634200,2022-05-11 19:45:00,2022,266,262,Motherwell,Heart of Midlothian,2,1,post,STATUS_FULL_TIME
634202,2022-05-11 19:45:00,2022,257,251,Rangers,Ross County,4,1,post,STATUS_FULL_TIME
634201,2022-05-11 19:45:00,2022,267,263,St Johnstone,Aberdeen,1,0,post,STATUS_FULL_TIME
634205,2022-05-14 12:15:00,2022,262,257,Heart of Midlothian,Rangers,1,3,post,STATUS_FULL_TIME
634206,2022-05-14 12:15:00,2022,251,264,Ross County,Dundee United,1,2,post,STATUS_FULL_TIME
634204,2022-05-14 12:15:00,2022,256,266,Celtic,Motherwell,6,0,post,STATUS_FULL_TIME
634207,2022-05-15 12:00:00,2022,263,250,Aberdeen,St Mirren,0,0,post,STATUS_FULL_TIME
634208,2022-05-15 12:00:00,2022,258,267,Hibernian,St Johnstone,4,0,post,STATUS_FULL_TIME
634209,2022-05-15 12:00:00,2022,259,261,Livingston,Dundee,2,1,post,STATUS_FULL_TIME
639050,2022-07-30 12:00:00,2022,259,257,Livingston,Rangers,1,2,post,STATUS_FULL_TIME
639054,2022-07-30 15:00:00,2022,262,251,Heart of Midlothian,Ross County,2,1,post,STATUS_FULL_TIME
639051,2022-07-30 15:00:00,2022,260,264,Kilmarnock,Dundee United,1,1,post,STATUS_FULL_TIME
639052,2022-07-30 15:00:00,2022,267,258,St Johnstone,Hibernian,0,1,post,STATUS_FULL_TIME
639053,2022-07-31 15:00:00,2022,250,266,St Mirren,Motherwell,0,1,post,STATUS_FULL_TIME
639055,2022-07-31 16:30:00,2022,256,263,Celtic,Aberdeen,2,0,post,STATUS_FULL_TIME
639056,2022-08-06 15:00:00,2022,263,250,Aberdeen,St Mirren,4,1,post,STATUS_FULL_TIME
639059,2022-08-06 15:00:00,2022,266,267,Motherwell,St Johnstone,1,2,post,STATUS_FULL_TIME
639060,2022-08-06 15:00:00,2022,257,260,Rangers,Kilmarnock,2,0,post,STATUS_FULL_TIME
639061,2022-08-06 15:00:00,2022,251,256,Ross County,Celtic,1,3,post,STATUS_FULL_TIME
639058,2022-08-07 12:00:00,2022,258,262,Hibernian,Heart of Midlothian,1,1,post,STATUS_FULL_TIME
639057,2022-08-07 15:00:00,2022,264,259,Dundee United,Livingston,0,1,post,STATUS_FULL_TIME
639067,2022-08-13 15:00:00,2022,250,251,St Mirren,Ross County,1,0,post,STATUS_FULL_TIME
639066,2022-08-13 15:00:00,2022,257,267,Rangers,St Johnstone,4,0,post,STATUS_FULL_TIME
639065,2022-08-13 15:00:00,2022,259,258,Livingston,Hibernian,2,1,post,STATUS_FULL_TIME
639062,2022-08-13 15:00:00,2022,263,266,Aberdeen,Motherwell,2,3,post,STATUS_FULL_TIME
639064,2022-08-14 12:00:00,2022,260,256,Kilmarnock,Celtic,0,5,post,STATUS_FULL_TIME
639063,2022-08-14 15:00:00,2022,262,264,Heart of Midlothian,Dundee United,4,1,post,STATUS_FULL_TIME
639070,2022-08-20 12:30:00,2022,258,257,Hibernian,Rangers,2,2,post,STATUS_FULL_TIME
639069,2022-08-20 15:00:00,2022,264,250,Dundee United,St Mirren,0,3,post,STATUS_FULL_TIME
639071,2022-08-20 15:00:00,2022,266,259,Motherwell,Livingston,1,0,post,STATUS_FULL_TIME
639072,2022-08-20 15:00:00,2022,251,260,Ross County,Kilmarnock,1,0,post,STATUS_FULL_TIME
639073,2022-08-20 15:00:00,2022,267,263,St Johnstone,Aberdeen,0,1,post,STATUS_FULL_TIME
639068,2022-08-21 15:00:00,2022,256,262,Celtic,Heart of Midlothian,2,0,post,STATUS_FULL_TIME
639074,2022-08-27 15:00:00,2022,263,259,Aberdeen,Livingston,5,0,post,STATUS_FULL_TIME
639077,2022-08-27 15:00:00,2022,260,266,Kilmarnock,Motherwell,2,1,post,STATUS_FULL_TIME
639078,2022-08-27 15:00:00,2022,257,251,Rangers,Ross County,4,0,post,STATUS_FULL_TIME
639079,2022-08-27 15:00:00,2022,250,258,St Mirren,Hibernian,1,0,post,STATUS_FULL_TIME
639075,2022-08-28 12:00:00,2022,264,256,Dundee United,Celtic,0,9,post,STATUS_FULL_TIME
639076,2022-08-28 15:00:00,2022,262,267,Heart of Midlothian,St Johnstone,3,2,post,STATUS_FULL_TIME
639080,2022-09-03 12:30:00,2022,256,257,Celtic,Rangers,4,0,post,STATUS_FULL_TIME
639084,2022-09-03 15:00:00,2022,251,263,Ross County,Aberdeen,1,1,post,STATUS_FULL_TIME
639083,2022-09-03 15:00:00,2022,266,264,Motherwell,Dundee United,0,0,post,STATUS_FULL_TIME
639085,2022-09-03 15:00:00,2022,267,250,St Johnstone,St Mirren,3,0,post,STATUS_FULL_TIME
639081,2022-09-03 15:00:00,2022,258,260,Hibernian,Kilmarnock,1,0,post,STATUS_FULL_TIME
639082,2022-09-03 15:00:00,2022,259,262,Livingston,Heart of Midlothian,1,0,post,STATUS_FULL_TIME
639092,2022-09-17 15:00:00,2022,258,263,Hibernian,Aberdeen,3,1,post,STATUS_FULL_TIME
639093,2022-09-17 15:00:00,2022,259,260,Livingston,Kilmarnock,1,0,post,STATUS_FULL_TIME
639095,2022-09-17 15:00:00,2022,257,264,Rangers,Dundee United,2,1,post,STATUS_FULL_TIME
639096,2022-09-17 15:00:00,2022,267,251,St Johnstone,Ross County,0,0,post,STATUS_FULL_TIME
639097,2022-09-18 12:00:00,2022,250,256,St Mirren,Celtic,2,0,post,STATUS_FULL_TIME
639094,2022-09-18 15:00:00,2022,266,262,Motherwell,Heart of Midlothian,0,3,post,STATUS_FULL_TIME
639101,2022-10-01 12:30:00,2022,262,257,Heart of Midlothian,Rangers,0,4,post,STATUS_FULL_TIME
639098,2022-10-01 15:00:00,2022,263,260,Aberdeen,Kilmarnock,4,1,post,STATUS_FULL_TIME
639099,2022-10-01 15:00:00,2022,256,266,Celtic,Motherwell,2,1,post,STATUS_FULL_TIME
639100,2022-10-01 15:00:00,2022,264,267,Dundee United,St Johnstone,1,2,post,STATUS_FULL_TIME
639102,2022-10-01 15:00:00,2022,251,258,Ross County,Hibernian,0,2,post,STATUS_FULL_TIME
639103,2022-10-01 15:00:00,2022,250,259,St Mirren,Livingston,2,1,post,STATUS_FULL_TIME
639091,2022-10-04 19:45:00,2022,251,266,Ross County,Motherwell,0,5,post,STATUS_FULL_TIME
639090,2022-10-05 19:45:00,2022,260,267,Kilmarnock,St Johnstone,2,1,post,STATUS_FULL_TIME
639109,2022-10-08 12:30:00,2022,267,256,St Johnstone,Celtic,1,2,post,STATUS_FULL_TIME
639108,2022-10-08 15:00:00,2022,257,250,Rangers,St Mirren,4,0,post,STATUS_FULL_TIME
639105,2022-10-08 15:00:00,2022,258,266,Hibernian,Motherwell,1,0,post,STATUS_FULL_TIME
639107,2022-10-08 15:00:00,2022,259,251,Livingston,Ross County,0,1,post,STATUS_FULL_TIME
639104,2022-10-08 18:00:00,2022,264,263,Dundee United,Aberdeen,4,0,post,STATUS_FULL_TIME
639106,2022-10-09 15:00:00,2022,260,262,Kilmarnock,Heart of Midlothian,2,2,post,STATUS_FULL_TIME
639088,2022-10-11 19:45:00,2022,264,258,Dundee United,Hibernian,1,0,post,STATUS_FULL_TIME
639111,2022-10-15 15:00:00,2022,256,258,Celtic,Hibernian,6,1,post,STATUS_FULL_TIME
639112,2022-10-15 15:00:00,2022,259,267,Livingston,St Johnstone,1,0,post,STATUS_FULL_TIME
639114,2022-10-15 15:00:00,2022,251,264,Ross County,Dundee United,1,1,post,STATUS_FULL_TIME
639115,2022-10-15 15:00:00,2022,250,260,St Mirren,Kilmarnock,0,0,post,STATUS_FULL_TIME
639113,2022-10-16 12:00:00,2022,266,257,Motherwell,Rangers,1,2,post,STATUS_FULL_TIME
639110,2022-10-16 15:00:00,2022,263,262,Aberdeen,Heart of Midlothian,2,0,post,STATUS_FULL_TIME
639117,2022-10-21 19:30:00,2022,258,267,Hibernian,St Johnstone,1,2,post,STATUS_FULL_TIME
639116,2022-10-22 12:30:00,2022,262,256,Heart of Midlothian,Celtic,3,4,post,STATUS_FULL_TIME
639120,2022-10-22 15:00:00,2022,257,259,Rangers,Livingston,1,1,post,STATUS_FULL_TIME
639121,2022-10-22 15:00:00,2022,250,264,St Mirren,Dundee United,2,1,post,STATUS_FULL_TIME
639118,2022-10-22 15:00:00,2022,260,251,Kilmarnock,Ross County,1,0,post,STATUS_FULL_TIME
639119,2022-10-22 15:00:00,2022,266,263,Motherwell,Aberdeen,1,2,post,STATUS_FULL_TIME
639125,2022-10-29 15:00:00,2022,257,263,Rangers,Aberdeen,4,1,post,STATUS_FULL_TIME
639127,2022-10-29 15:00:00,2022,267,260,St Johnstone,Kilmarnock,1,0,post,STATUS_FULL_TIME
639122,2022-10-29 15:00:00,2022,264,266,Dundee United,Motherwell,0,1,post,STATUS_FULL_TIME
639123,2022-10-29 15:00:00,2022,258,250,Hibernian,St Mirren,3,0,post,STATUS_FULL_TIME
639124,2022-10-30 12:00:00,2022,259,256,Livingston,Celtic,0,3,post,STATUS_FULL_TIME
639126,2022-10-30 15:00:00,2022,251,262,Ross County,Heart of Midlothian,1,2,post,STATUS_FULL_TIME
639128,2022-11-04 19:30:00,2022,263,258,Aberdeen,Hibernian,4,1,post,STATUS_FULL_TIME
639131,2022-11-04 19:45:00,2022,260,259,Kilmarnock,Livingston,2,3,post,STATUS_FULL_TIME
639129,2022-11-05 15:00:00,2022,256,264,Celtic,Dundee United,4,2,post,STATUS_FULL_TIME
639132,2022-11-05 15:00:00,2022,251,250,Ross County,St Mirren,3,2,post,STATUS_FULL_TIME
639133,2022-11-06 12:00:00,2022,267,257,St Johnstone,Rangers,2,1,post,STATUS_FULL_TIME
639130,2022-11-06 15:00:00,2022,262,266,Heart of Midlothian,Motherwell,3,2,post,STATUS_FULL_TIME
639135,2022-11-08 19:45:00,2022,258,251,Hibernian,Ross County,0,2,post,STATUS_FULL_TIME
639136,2022-11-08 19:45:00,2022,259,263,Livingston,Aberdeen,2,1,post,STATUS_FULL_TIME
639134,2022-11-09 19:45:00,2022,264,260,Dundee United,Kilmarnock,4,0,post,STATUS_FULL_TIME
639137,2022-11-09 19:45:00,2022,266,256,Motherwell,Celtic,1,2,post,STATUS_FULL_TIME
639138,2022-11-09 19:45:00,2022,257,262,Rangers,Heart of Midlothian,1,0,post,STATUS_FULL_TIME
639139,2022-11-09 19:45:00,2022,250,267,St Mirren,St Johnstone,2,2,post,STATUS_FULL_TIME
639145,2022-11-12 12:30:00,2022,250,257,St Mirren,Rangers,1,1,post,STATUS_FULL_TIME
639144,2022-11-12 15:00:00,2022,267,266,St Johnstone,Motherwell,1,1,post,STATUS_FULL_TIME
639143,2022-11-12 15:00:00,2022,260,258,Kilmarnock,Hibernian,1,0,post,STATUS_FULL_TIME
639141,2022-11-12 15:00:00,2022,256,251,Celtic,Ross County,2,1,post,STATUS_FULL_TIME
639142,2022-11-12 15:00:00,2022,262,259,Heart of Midlothian,Livingston,1,1,post,STATUS_FULL_TIME
639140,2022-11-12 18:00:00,2022,263,264,Aberdeen,Dundee United,1,0,post,STATUS_FULL_TIME
639150,2022-12-15 20:00:00,2022,257,258,Rangers,Hibernian,3,2,post,STATUS_FULL_TIME
639146,2022-12-17 12:30:00,2022,263,256,Aberdeen,Celtic,0,1,post,STATUS_FULL_TIME
639147,2022-12-17 15:00:00,2022,262,260,Heart of Midlothian,Kilmarnock,3,1,post,STATUS_FULL_TIME
639151,2022-12-17 15:00:00,2022,251,267,Ross County,St Johnstone,1,2,post,STATUS_FULL_TIME
639086,2022-12-20 20:00:00,2022,263,257,Aberdeen,Rangers,2,3,post,STATUS_FULL_TIME
639087,2022-12-21 19:45:00,2022,256,259,Celtic,Livingston,2,1,post,STATUS_FULL_TIME
639156,2022-12-23 19:30:00,2022,251,257,Ross County,Rangers,0,1,post,STATUS_FULL_TIME
639155,2022-12-23 19:45:00,2022,266,260,Motherwell,Kilmarnock,2,2,post,STATUS_FULL_TIME
639152,2022-12-24 12:30:00,2022,256,267,Celtic,St Johnstone,4,1,post,STATUS_FULL_TIME
639157,2022-12-24 12:30:00,2022,250,263,St Mirren,Aberdeen,3,1,post,STATUS_FULL_TIME
639153,2022-12-24 14:00:00,2022,264,262,Dundee United,Heart of Midlothian,2,2,post,STATUS_FULL_TIME
639154,2022-12-24 14:00:00,2022,258,259,Hibernian,Livingston,4,0,post,STATUS_FULL_TIME
639158,2022-12-28 19:45:00,2022,264,251,Dundee United,Ross County,3,0,post,STATUS_FULL_TIME
639160,2022-12-28 19:45:00,2022,260,263,Kilmarnock,Aberdeen,2,1,post,STATUS_FULL_TIME
639161,2022-12-28 19:45:00,2022,259,250,Livingston,St Mirren,1,1,post,STATUS_FULL_TIME
639162,2022-12-28 19:45:00,2022,257,266,Rangers,Motherwell,3,0,post,STATUS_FULL_TIME
639163,2022-12-28 19:45:00,2022,267,262,St Johnstone,Heart of Midlothian,2,3,post,STATUS_FULL_TIME
639159,2022-12-28 20:00:00,2022,258,256,Hibernian,Celtic,0,4,post,STATUS_FULL_TIME
639168,2023-01-02 12:30:00,2023,257,256,Rangers,Celtic,2,2,post,STATUS_FULL_TIME
639164,2023-01-02 15:00:00,2023,263,251,Aberdeen,Ross County,0,0,post,STATUS_FULL_TIME
639165,2023-01-02 15:00:00,2023,262,258,Heart of Midlothian,Hibernian,3,0,post,STATUS_FULL_TIME
639166,2023-01-02 15:00:00,2023,260,250,Kilmarnock,St Mirren,0,0,post,STATUS_FULL_TIME
639167,2023-01-02 15:00:00,2023,259,266,Livingston,Motherwell,1,1,post,STATUS_FULL_TIME
639169,2023-01-02 15:00:00,2023,267,264,St Johnstone,Dundee United,0,1,post,STATUS_FULL_TIME
639174,2023-01-07 15:00:00,2023,251,259,Ross County,Livingston,0,2,post,STATUS_FULL_TIME
639175,2023-01-07 15:00:00,2023,250,262,St Mirren,Heart of Midlothian,1,1,post,STATUS_FULL_TIME
639170,2023-01-07 15:00:00,2023,263,267,Aberdeen,St Johnstone,2,0,post,STATUS_FULL_TIME
639171,2023-01-07 15:00:00,2023,256,260,Celtic,Kilmarnock,2,0,post,STATUS_FULL_TIME
639173,2023-01-08 13:30:00,2023,266,258,Motherwell,Hibernian,2,3,post,STATUS_FULL_TIME
639172,2023-01-08 16:00:00,2023,264,257,Dundee United,Rangers,0,2,post,STATUS_FULL_TIME
639089,2023-01-13 19:45:00,2023,262,250,Heart of Midlothian,St Mirren,1,0,post,STATUS_FULL_TIME
639178,2023-01-14 15:00:00,2023,258,264,Hibernian,Dundee United,2,2,post,STATUS_FULL_TIME
639180,2023-01-14 15:00:00,2023,266,251,Motherwell,Ross County,1,1,post,STATUS_FULL_TIME
639181,2023-01-14 15:00:00,2023,267,259,St Johnstone,Livingston,2,4,post,STATUS_FULL_TIME
639176,2023-01-18 19:45:00,2023,256,250,Celtic,St Mirren,4,0,post,STATUS_FULL_TIME
639177,2023-01-18 19:45:00,2023,262,263,Heart of Midlothian,Aberdeen,5,0,post,STATUS_FULL_TIME
639179,2023-01-18 20:00:00,2023,260,257,Kilmarnock,Rangers,2,3,post,STATUS_FULL_TIME
639183,2023-01-28 15:00:00,2023,258,263,Hibernian,Aberdeen,6,0,post,STATUS_FULL_TIME
639185,2023-01-28 15:00:00,2023,257,267,Rangers,St Johnstone,2,0,post,STATUS_FULL_TIME
639186,2023-01-28 15:00:00,2023,251,260,Ross County,Kilmarnock,3,0,post,STATUS_FULL_TIME
639187,2023-01-28 15:00:00,2023,250,266,St Mirren,Motherwell,1,0,post,STATUS_FULL_TIME
639184,2023-01-29 13:30:00,2023,259,262,Livingston,Heart of Midlothian,0,0,post,STATUS_FULL_TIME
639182,2023-01-29 16:00:00,2023,264,256,Dundee United,Celtic,0,2,post,STATUS_FULL_TIME
639193,2023-01-31 19:45:00,2023,251,258,Ross County,Hibernian,1,1,post,STATUS_FULL_TIME
639192,2023-02-01 19:45:00,2023,266,267,Motherwell,St Johnstone,0,2,post,STATUS_FULL_TIME
639191,2023-02-01 19:45:00,2023,260,264,Kilmarnock,Dundee United,1,0,post,STATUS_FULL_TIME
639189,2023-02-01 19:45:00,2023,256,259,Celtic,Livingston,3,0,post,STATUS_FULL_TIME
639188,2023-02-01 19:45:00,2023,263,250,Aberdeen,St Mirren,1,3,post,STATUS_FULL_TIME
639190,2023-02-01 19:45:00,2023,262,257,Heart of Midlothian,Rangers,0,3,post,STATUS_FULL_TIME
639199,2023-02-04 15:00:00,2023,250,258,St Mirren,Hibernian,0,1,post,STATUS_FULL_TIME
639194,2023-02-04 15:00:00,2023,263,266,Aberdeen,Motherwell,3,1,post,STATUS_FULL_TIME
639195,2023-02-04 15:00:00,2023,262,264,Heart of Midlothian,Dundee United,3,1,post,STATUS_FULL_TIME
639196,2023-02-04 15:00:00,2023,259,260,Livingston,Kilmarnock,3,1,post,STATUS_FULL_TIME
639197,2023-02-04 15:00:00,2023,257,251,Rangers,Ross County,2,1,post,STATUS_FULL_TIME
639198,2023-02-05 12:00:00,2023,267,256,St Johnstone,Celtic,1,4,post,STATUS_FULL_TIME
639149,2023-02-15 19:45:00,2023,266,250,Motherwell,St Mirren,2,1,post,STATUS_FULL_TIME
639200,2023-02-18 15:00:00,2023,256,263,Celtic,Aberdeen,4,0,post,STATUS_FULL_TIME
639201,2023-02-18 15:00:00,2023,264,267,Dundee United,St Johnstone,1,2,post,STATUS_FULL_TIME
639202,2023-02-18 15:00:00,2023,258,260,Hibernian,Kilmarnock,2,0,post,STATUS_FULL_TIME
639203,2023-02-18 15:00:00,2023,259,257,Livingston,Rangers,0,3,post,STATUS_FULL_TIME
639205,2023-02-18 15:00:00,2023,250,251,St Mirren,Ross County,1,0,post,STATUS_FULL_TIME
639204,2023-02-19 12:00:00,2023,266,262,Motherwell,Heart of Midlothian,2,0,post,STATUS_FULL_TIME
639211,2023-02-25 15:00:00,2023,267,250,St Johnstone,St Mirren,1,1,post,STATUS_FULL_TIME
639210,2023-02-25 15:00:00,2023,251,264,Ross County,Dundee United,4,0,post,STATUS_FULL_TIME
639206,2023-02-25 15:00:00,2023,263,259,Aberdeen,Livingston,1,0,post,STATUS_FULL_TIME
639209,2023-02-25 15:00:00,2023,260,266,Kilmarnock,Motherwell,1,1,post,STATUS_FULL_TIME
639213,2023-03-04 15:00:00,2023,262,267,Heart of Midlothian,St Johnstone,3,0,post,STATUS_FULL_TIME
639214,2023-03-04 15:00:00,2023,259,258,Livingston,Hibernian,1,4,post,STATUS_FULL_TIME
639215,2023-03-04 15:00:00,2023,257,260,Rangers,Kilmarnock,3,1,post,STATUS_FULL_TIME
639216,2023-03-04 15:00:00,2023,251,266,Ross County,Motherwell,0,2,post,STATUS_FULL_TIME
639212,2023-03-04 18:00:00,2023,264,263,Dundee United,Aberdeen,1,3,post,STATUS_FULL_TIME
639217,2023-03-05 12:00:00,2023,250,256,St Mirren,Celtic,1,5,post,STATUS_FULL_TIME
639208,2023-03-08 19:45:00,2023,258,257,Hibernian,Rangers,1,4,post,STATUS_FULL_TIME
639148,2023-03-08 19:45:00,2023,259,264,Livingston,Dundee United,1,1,post,STATUS_FULL_TIME
639207,2023-03-08 19:45:00,2023,256,262,Celtic,Heart of Midlothian,3,1,post,STATUS_FULL_TIME
639223,2023-03-18 12:30:00,2023,266,257,Motherwell,Rangers,2,4,post,STATUS_FULL_TIME
639218,2023-03-18 15:00:00,2023,263,262,Aberdeen,Heart of Midlothian,3,0,post,STATUS_FULL_TIME
639219,2023-03-18 15:00:00,2023,256,258,Celtic,Hibernian,3,1,post,STATUS_FULL_TIME
639220,2023-03-18 15:00:00,2023,264,250,Dundee United,St Mirren,1,1,post,STATUS_FULL_TIME
639221,2023-03-18 15:00:00,2023,260,267,Kilmarnock,St Johnstone,1,1,post,STATUS_FULL_TIME
639222,2023-03-18 15:00:00,2023,259,251,Livingston,Ross County,2,1,post,STATUS_FULL_TIME
639224,2023-04-01 15:00:00,2023,257,264,Rangers,Dundee United,2,0,post,STATUS_FULL_TIME
639228,2023-04-01 15:00:00,2023,258,266,Hibernian,Motherwell,1,3,post,STATUS_FULL_TIME
639229,2023-04-01 15:00:00,2023,260,262,Kilmarnock,Heart of Midlothian,2,1,post,STATUS_FULL_TIME
639226,2023-04-01 15:00:00,2023,267,263,St Johnstone,Aberdeen,0,1,post,STATUS_FULL_TIME
639227,2023-04-01 15:00:00,2023,250,259,St Mirren,Livingston,3,0,post,STATUS_FULL_TIME
639225,2023-04-02 12:00:00,2023,251,256,Ross County,Celtic,0,2,post,STATUS_FULL_TIME
639231,2023-04-08 12:30:00,2023,256,257,Celtic,Rangers,3,2,post,STATUS_FULL_TIME
639234,2023-04-08 15:00:00,2023,266,259,Motherwell,Livingston,3,0,post,STATUS_FULL_TIME
639235,2023-04-08 15:00:00,2023,267,251,St Johnstone,Ross County,0,2,post,STATUS_FULL_TIME
639230,2023-04-08 15:00:00,2023,263,260,Aberdeen,Kilmarnock,2,0,post,STATUS_FULL_TIME
639233,2023-04-08 15:00:00,2023,262,250,Heart of Midlothian,St Mirren,0,2,post,STATUS_FULL_TIME
639232,2023-04-09 12:00:00,2023,264,258,Dundee United,Hibernian,2,1,post,STATUS_FULL_TIME
639241,2023-04-14 19:45:00,2023,251,263,Ross County,Aberdeen,0,1,post,STATUS_FULL_TIME
639236,2023-04-15 12:30:00,2023,258,262,Hibernian,Heart of Midlothian,1,0,post,STATUS_FULL_TIME
639238,2023-04-15 15:00:00,2023,259,267,Livingston,St Johnstone,2,0,post,STATUS_FULL_TIME
639239,2023-04-15 15:00:00,2023,266,264,Motherwell,Dundee United,1,2,post,STATUS_FULL_TIME
639240,2023-04-15 15:00:00,2023,257,250,Rangers,St Mirren,5,2,post,STATUS_FULL_TIME
639237,2023-04-16 12:00:00,2023,260,256,Kilmarnock,Celtic,1,4,post,STATUS_FULL_TIME
639245,2023-04-22 12:30:00,2023,262,251,Heart of Midlothian,Ross County,6,1,post,STATUS_FULL_TIME
639247,2023-04-22 15:00:00,2023,250,260,St Mirren,Kilmarnock,0,2,post,STATUS_FULL_TIME
639246,2023-04-22 15:00:00,2023,267,258,St Johnstone,Hibernian,1,1,post,STATUS_FULL_TIME
639243,2023-04-22 15:00:00,2023,256,266,Celtic,Motherwell,1,1,post,STATUS_FULL_TIME
639244,2023-04-22 15:00:00,2023,264,259,Dundee United,Livingston,2,0,post,STATUS_FULL_TIME
639242,2023-04-23 16:30:00,2023,263,257,Aberdeen,Rangers,2,0,post,STATUS_FULL_TIME
668622,2023-05-06 15:00:00,2023,258,250,Hibernian,St Mirren,2,1,post,STATUS_FULL_TIME
668621,2023-05-06 15:00:00,2023,266,260,Motherwell,Kilmarnock,2,0,post,STATUS_FULL_TIME
668623,2023-05-06 15:00:00,2023,251,259,Ross County,Livingston,2,0,post,STATUS_FULL_TIME
668624,2023-05-06 15:00:00,2023,267,264,St Johnstone,Dundee United,1,0,post,STATUS_FULL_TIME
668625,2023-05-07 14:15:00,2023,262,256,Heart of Midlothian,Celtic,0,2,post,STATUS_FULL_TIME
668626,2023-05-07 15:00:00,2023,257,263,Rangers,Aberdeen,1,0,post,STATUS_FULL_TIME
668627,2023-05-13 12:30:00,2023,257,256,Rangers,Celtic,3,0,post,STATUS_FULL_TIME
668628,2023-05-13 15:00:00,2023,263,258,Aberdeen,Hibernian,0,0,post,STATUS_FULL_TIME
668629,2023-05-13 15:00:00,2023,264,251,Dundee United,Ross County,1,3,post,STATUS_FULL_TIME
668630,2023-05-13 15:00:00,2023,260,259,Kilmarnock,Livingston,2,0,post,STATUS_FULL_TIME
668631,2023-05-13 15:00:00,2023,267,266,St Johnstone,Motherwell,0,2,post,STATUS_FULL_TIME
668632,2023-05-13 15:00:00,2023,250,262,St Mirren,Heart of Midlothian,2,2,post,STATUS_FULL_TIME
668633,2023-05-20 12:30:00,2023,262,263,Heart of Midlothian,Aberdeen,2,1,post,STATUS_FULL_TIME
668636,2023-05-20 15:00:00,2023,266,251,Motherwell,Ross County,1,0,post,STATUS_FULL_TIME
668637,2023-05-20 15:00:00,2023,259,264,Livingston,Dundee United,2,1,post,STATUS_FULL_TIME
668634,2023-05-20 15:00:00,2023,256,250,Celtic,St Mirren,2,2,post,STATUS_FULL_TIME
668635,2023-05-20 15:00:00,2023,260,267,Kilmarnock,St Johnstone,0,1,post,STATUS_FULL_TIME
668638,2023-05-21 12:00:00,2023,258,257,Hibernian,Rangers,1,3,post,STATUS_FULL_TIME
668644,2023-05-24 19:45:00,2023,251,267,Ross County,St Johnstone,3,3,post,STATUS_FULL_TIME
668643,2023-05-24 19:45:00,2023,263,250,Aberdeen,St Mirren,3,0,post,STATUS_FULL_TIME
668639,2023-05-24 19:45:00,2023,264,260,Dundee United,Kilmarnock,0,3,post,STATUS_FULL_TIME
668640,2023-05-24 19:45:00,2023,258,256,Hibernian,Celtic,4,2,post,STATUS_FULL_TIME
668641,2023-05-24 19:45:00,2023,259,266,Livingston,Motherwell,1,1,post,STATUS_FULL_TIME
668642,2023-05-24 19:45:00,2023,257,262,Rangers,Heart of Midlothian,2,2,post,STATUS_FULL_TIME
668646,2023-05-27 12:30:00,2023,262,258,Heart of Midlothian,Hibernian,1,1,post,STATUS_FULL_TIME
668647,2023-05-27 12:30:00,2023,250,257,St Mirren,Rangers,0,3,post,STATUS_FULL_TIME
668645,2023-05-27 12:30:00,2023,256,263,Celtic,Aberdeen,5,0,post,STATUS_FULL_TIME
668649,2023-05-28 15:00:00,2023,260,251,Kilmarnock,Ross County,3,1,post,STATUS_FULL_TIME
668648,2023-05-28 15:00:00,2023,266,264,Motherwell,Dundee United,3,2,post,STATUS_FULL_TIME
668650,2023-05-28 15:00:00,2023,267,259,St Johnstone,Livingston,2,0,post,STATUS_FULL_TIME
678249,2023-11-01 19:45:00,2023,262,259,Heart of Midlothian,Livingston,1,0,post,STATUS_FULL_TIME
678268,2023-11-25 15:00:00,2023,262,267,Heart of Midlothian,St Johnstone,1,0,post,STATUS_FULL_TIME
678287,2023-12-09 15:00:00,2023,257,261,Rangers,Dundee,3,1,post,STATUS_FULL_TIME
678306,2023-12-27 20:00:00,2023,258,262,Hibernian,Heart of Midlothian,0,1,post,STATUS_FULL_TIME
678324,2024-01-27 12:30:00,2024,250,257,St Mirren,Rangers,0,1,post,STATUS_FULL_TIME
678323,2024-01-27 15:00:00,2024,267,266,St Johnstone,Motherwell,1,1,post,STATUS_FULL_TIME
678326,2024-02-03 15:00:00,2024,261,262,Dundee,Heart of Midlothian,2,3,post,STATUS_FULL_TIME
678328,2024-02-03 15:00:00,2024,266,260,Motherwell,Kilmarnock,1,1,post,STATUS_FULL_TIME
678329,2024-02-03 15:00:00,2024,257,259,Rangers,Livingston,3,0,post,STATUS_FULL_TIME
678330,2024-02-03 15:00:00,2024,251,267,Ross County,St Johnstone,0,1,post,STATUS_FULL_TIME
678335,2024-02-07 19:45:00,2024,267,262,St Johnstone,Heart of Midlothian,0,1,post,STATUS_FULL_TIME
678331,2024-02-07 20:00:00,2024,258,256,Hibernian,Celtic,1,2,post,STATUS_FULL_TIME
678336,2024-02-07 20:15:00,2024,250,261,St Mirren,Dundee,2,0,post,STATUS_FULL_TIME
678341,2024-02-17 15:00:00,2024,259,250,Livingston,St Mirren,1,0,post,STATUS_FULL_TIME
678339,2024-02-17 15:00:00,2024,261,251,Dundee,Ross County,2,0,post,STATUS_FULL_TIME
678337,2024-02-17 15:00:00,2024,263,258,Aberdeen,Hibernian,2,2,post,STATUS_FULL_TIME
678380,2024-04-13 15:00:00,2024,256,250,Celtic,St Mirren,3,0,post,STATUS_FULL_TIME
678381,2024-04-13 15:00:00,2024,262,259,Heart of Midlothian,Livingston,4,2,post,STATUS_FULL_TIME
678382,2024-04-13 15:00:00,2024,266,258,Motherwell,Hibernian,1,1,post,STATUS_FULL_TIME
678384,2024-04-13 15:00:00,2024,267,260,St Johnstone,Kilmarnock,0,2,post,STATUS_FULL_TIME
678383,2024-04-14 12:00:00,2024,251,257,Ross County,Rangers,3,2,post,STATUS_FULL_TIME
678362,2024-04-17 20:00:00,2024,261,257,Dundee,Rangers,0,0,post,STATUS_FULL_TIME
701934,2024-04-27 15:00:00,2024,263,266,Aberdeen,Motherwell,1,0,post,STATUS_FULL_TIME
701935,2024-04-27 15:00:00,2024,260,262,Kilmarnock,Heart of Midlothian,0,0,post,STATUS_FULL_TIME
701936,2024-04-27 15:00:00,2024,259,251,Livingston,Ross County,2,0,post,STATUS_FULL_TIME
701937,2024-04-27 15:00:00,2024,267,258,St Johnstone,Hibernian,1,3,post,STATUS_FULL_TIME
701938,2024-04-28 12:30:00,2024,250,257,St Mirren,Rangers,1,2,post,STATUS_FULL_TIME
701939,2024-04-28 15:00:00,2024,261,256,Dundee,Celtic,1,2,post,STATUS_FULL_TIME
701943,2024-05-04 15:00:00,2024,266,259,Motherwell,Livingston,4,1,post,STATUS_FULL_TIME
701944,2024-05-04 15:00:00,2024,261,250,Dundee,St Mirren,1,3,post,STATUS_FULL_TIME
701942,2024-05-04 15:00:00,2024,251,258,Ross County,Hibernian,2,1,post,STATUS_FULL_TIME
701940,2024-05-04 15:00:00,2024,263,267,Aberdeen,St Johnstone,1,0,post,STATUS_FULL_TIME
701941,2024-05-04 15:00:00,2024,256,262,Celtic,Heart of Midlothian,3,0,post,STATUS_FULL_TIME
701945,2024-05-05 13:00:00,2024,257,260,Rangers,Kilmarnock,4,1,post,STATUS_FULL_TIME
701946,2024-05-11 12:30:00,2024,256,257,Celtic,Rangers,2,1,post,STATUS_FULL_TIME
701948,2024-05-11 15:00:00,2024,262,261,Heart of Midlothian,Dundee,3,0,post,STATUS_FULL_TIME
701947,2024-05-11 15:00:00,2024,259,267,Livingston,St Johnstone,2,1,post,STATUS_FULL_TIME
701949,2024-05-11 15:00:00,2024,251,266,Ross County,Motherwell,1,5,post,STATUS_FULL_TIME
701950,2024-05-11 15:00:00,2024,250,260,St Mirren,Kilmarnock,0,1,post,STATUS_FULL_TIME
701951,2024-05-12 15:00:00,2024,258,263,Hibernian,Aberdeen,0,4,post,STATUS_FULL_TIME
701952,2024-05-14 19:30:00,2024,257,261,Rangers,Dundee,5,2,post,STATUS_FULL_TIME
701953,2024-05-15 19:30:00,2024,260,256,Kilmarnock,Celtic,0,5,post,STATUS_FULL_TIME
701956,2024-05-15 19:45:00,2024,250,262,St Mirren,Heart of Midlothian,2,2,post,STATUS_FULL_TIME
701957,2024-05-15 19:45:00,2024,267,251,St Johnstone,Ross County,1,1,post,STATUS_FULL_TIME
701955,2024-05-15 19:45:00,2024,258,266,Hibernian,Motherwell,3,0,post,STATUS_FULL_TIME
701954,2024-05-15 19:45:00,2024,263,259,Aberdeen,Livingston,5,1,post,STATUS_FULL_TIME
701958,2024-05-18 12:30:00,2024,256,250,Celtic,St Mirren,3,2,post,STATUS_FULL_TIME
701959,2024-05-18 12:30:00,2024,261,260,Dundee,Kilmarnock,1,1,post,STATUS_FULL_TIME
701960,2024-05-18 12:30:00,2024,262,257,Heart of Midlothian,Rangers,3,3,post,STATUS_FULL_TIME
701962,2024-05-19 15:00:00,2024,259,258,Livingston,Hibernian,1,1,post,STATUS_FULL_TIME
701961,2024-05-19 15:00:00,2024,266,267,Motherwell,St Johnstone,1,2,post,STATUS_FULL_TIME
701963,2024-05-19 15:00:00,2024,251,263,Ross County,Aberdeen,2,2,post,STATUS_FULL_TIME
709922,2024-08-03 12:30:00,2024,262,257,Heart of Midlothian,Rangers,0,0,post,STATUS_FULL_TIME
709923,2024-08-03 15:00:00,2024,266,251,Motherwell,Ross County,0,0,post,STATUS_FULL_TIME
709924,2024-08-04 13:30:00,2024,264,261,Dundee United,Dundee,2,2,post,STATUS_FULL_TIME
709925,2024-08-04 15:00:00,2024,250,258,St Mirren,Hibernian,3,0,post,STATUS_FULL_TIME
709926,2024-08-04 16:30:00,2024,256,260,Celtic,Kilmarnock,4,0,post,STATUS_FULL_TIME
709927,2024-08-05 20:00:00,2024,267,263,St Johnstone,Aberdeen,1,2,post,STATUS_FULL_TIME
709930,2024-08-10 15:00:00,2024,257,266,Rangers,Motherwell,2,1,post,STATUS_FULL_TIME
709931,2024-08-10 15:00:00,2024,251,264,Ross County,Dundee United,1,1,post,STATUS_FULL_TIME
709932,2024-08-10 17:30:00,2024,261,262,Dundee,Heart of Midlothian,3,1,post,STATUS_FULL_TIME
709933,2024-08-11 12:30:00,2024,258,256,Hibernian,Celtic,0,2,post,STATUS_FULL_TIME
709929,2024-08-11 15:00:00,2024,260,267,Kilmarnock,St Johnstone,0,3,post,STATUS_FULL_TIME
709928,2024-08-11 15:00:00,2024,263,250,Aberdeen,St Mirren,3,1,post,STATUS_FULL_TIME
709935,2024-08-24 15:00:00,2024,264,267,Dundee United,St Johnstone,2,0,post,STATUS_FULL_TIME
709936,2024-08-24 15:00:00,2024,258,261,Hibernian,Dundee,2,2,post,STATUS_FULL_TIME
709938,2024-08-24 15:00:00,2024,257,251,Rangers,Ross County,6,0,post,STATUS_FULL_TIME
709939,2024-08-25 12:00:00,2024,250,256,St Mirren,Celtic,0,3,post,STATUS_FULL_TIME
709934,2024-08-25 15:00:00,2024,263,260,Aberdeen,Kilmarnock,2,0,post,STATUS_FULL_TIME
709937,2024-08-25 15:00:00,2024,266,262,Motherwell,Heart of Midlothian,3,1,post,STATUS_FULL_TIME
709941,2024-08-31 15:00:00,2024,261,250,Dundee,St Mirren,2,2,post,STATUS_FULL_TIME
709945,2024-08-31 15:00:00,2024,267,266,St Johnstone,Motherwell,1,2,post,STATUS_FULL_TIME
709944,2024-08-31 17:45:00,2024,251,263,Ross County,Aberdeen,0,1,post,STATUS_FULL_TIME
709940,2024-09-01 12:30:00,2024,256,257,Celtic,Rangers,3,0,post,STATUS_FULL_TIME
709942,2024-09-01 15:00:00,2024,262,264,Heart of Midlothian,Dundee United,0,1,post,STATUS_FULL_TIME
709943,2024-09-01 15:00:00,2024,260,258,Kilmarnock,Hibernian,1,1,post,STATUS_FULL_TIME
709946,2024-09-14 15:00:00,2024,263,266,Aberdeen,Motherwell,2,1,post,STATUS_FULL_TIME
709947,2024-09-14 15:00:00,2024,256,262,Celtic,Heart of Midlothian,2,0,post,STATUS_FULL_TIME
709949,2024-09-14 15:00:00,2024,258,267,Hibernian,St Johnstone,2,0,post,STATUS_FULL_TIME
709950,2024-09-14 15:00:00,2024,251,261,Ross County,Dundee,2,0,post,STATUS_FULL_TIME
709951,2024-09-14 15:00:00,2024,250,260,St Mirren,Kilmarnock,2,2,post,STATUS_FULL_TIME
709948,2024-09-15 12:00:00,2024,264,257,Dundee United,Rangers,0,1,post,STATUS_FULL_TIME
710010,2024-09-21 15:00:00,2024,251,267,Ross County,St Johnstone,3,3,post,STATUS_FULL_TIME
710011,2024-09-21 15:00:00,2024,250,262,St Mirren,Heart of Midlothian,2,1,post,STATUS_FULL_TIME
709952,2024-09-28 15:00:00,2024,261,263,Dundee,Aberdeen,1,2,post,STATUS_FULL_TIME
709953,2024-09-28 15:00:00,2024,262,251,Heart of Midlothian,Ross County,1,1,post,STATUS_FULL_TIME
709954,2024-09-28 15:00:00,2024,260,264,Kilmarnock,Dundee United,3,3,post,STATUS_FULL_TIME
709955,2024-09-28 15:00:00,2024,266,250,Motherwell,St Mirren,2,1,post,STATUS_FULL_TIME
709957,2024-09-28 17:45:00,2024,267,256,St Johnstone,Celtic,0,6,post,STATUS_FULL_TIME
709956,2024-09-29 12:00:00,2024,257,258,Rangers,Hibernian,1,0,post,STATUS_FULL_TIME
709963,2024-10-05 15:00:00,2024,250,264,St Mirren,Dundee United,0,1,post,STATUS_FULL_TIME
709960,2024-10-05 15:00:00,2024,258,266,Hibernian,Motherwell,1,2,post,STATUS_FULL_TIME
709959,2024-10-05 15:00:00,2024,261,260,Dundee,Kilmarnock,2,3,post,STATUS_FULL_TIME
709962,2024-10-06 12:00:00,2024,251,256,Ross County,Celtic,1,2,post,STATUS_FULL_TIME
709958,2024-10-06 15:00:00,2024,263,262,Aberdeen,Heart of Midlothian,3,2,post,STATUS_FULL_TIME
709961,2024-10-06 20:00:00,2024,257,267,Rangers,St Johnstone,2,0,post,STATUS_FULL_TIME
709968,2024-10-19 15:00:00,2024,266,261,Motherwell,Dundee,0,1,post,STATUS_FULL_TIME
709966,2024-10-19 15:00:00,2024,262,250,Heart of Midlothian,St Mirren,4,0,post,STATUS_FULL_TIME
709969,2024-10-19 15:00:00,2024,267,251,St Johnstone,Ross County,3,0,post,STATUS_FULL_TIME
709964,2024-10-19 15:00:00,2024,256,263,Celtic,Aberdeen,2,2,post,STATUS_FULL_TIME
709965,2024-10-19 15:00:00,2024,264,258,Dundee United,Hibernian,3,2,post,STATUS_FULL_TIME
709967,2024-10-20 12:00:00,2024,260,257,Kilmarnock,Rangers,1,0,post,STATUS_FULL_TIME
709971,2024-10-26 15:00:00,2024,261,267,Dundee,St Johnstone,1,2,post,STATUS_FULL_TIME
709975,2024-10-26 15:00:00,2024,251,260,Ross County,Kilmarnock,2,1,post,STATUS_FULL_TIME
709970,2024-10-26 17:30:00,2024,263,264,Aberdeen,Dundee United,1,0,post,STATUS_FULL_TIME
709972,2024-10-27 12:00:00,2024,258,262,Hibernian,Heart of Midlothian,1,1,post,STATUS_FULL_TIME
709973,2024-10-27 15:00:00,2024,266,256,Motherwell,Celtic,0,3,post,STATUS_FULL_TIME
709974,2024-10-27 15:00:00,2024,257,250,Rangers,St Mirren,2,1,post,STATUS_FULL_TIME
709981,2024-10-30 19:45:00,2024,250,267,St Mirren,St Johnstone,3,1,post,STATUS_FULL_TIME
709980,2024-10-30 19:45:00,2024,251,258,Ross County,Hibernian,0,0,post,STATUS_FULL_TIME
709978,2024-10-30 19:45:00,2024,264,266,Dundee United,Motherwell,1,2,post,STATUS_FULL_TIME
709979,2024-10-30 19:45:00,2024,262,260,Heart of Midlothian,Kilmarnock,1,2,post,STATUS_FULL_TIME
709977,2024-10-30 19:45:00,2024,256,261,Celtic,Dundee,2,0,post,STATUS_FULL_TIME
709976,2024-10-30 20:00:00,2024,263,257,Aberdeen,Rangers,2,1,post,STATUS_FULL_TIME
709986,2024-11-02 15:00:00,2024,267,262,St Johnstone,Heart of Midlothian,1,2,post,STATUS_FULL_TIME
709987,2024-11-02 15:00:00,2024,250,251,St Mirren,Ross County,0,0,post,STATUS_FULL_TIME
710055,2024-11-03 15:00:00,2024,261,260,Dundee,Kilmarnock,3,2,post,STATUS_FULL_TIME
710008,2024-11-03 15:00:00,2024,258,264,Hibernian,Dundee United,1,1,post,STATUS_FULL_TIME
709992,2024-11-09 15:00:00,2024,266,267,Motherwell,St Johnstone,2,1,post,STATUS_FULL_TIME
709990,2024-11-09 15:00:00,2024,258,250,Hibernian,St Mirren,1,2,post,STATUS_FULL_TIME
709989,2024-11-09 15:00:00,2024,264,251,Dundee United,Ross County,3,0,post,STATUS_FULL_TIME
709988,2024-11-09 17:30:00,2024,263,261,Aberdeen,Dundee,4,1,post,STATUS_FULL_TIME
709991,2024-11-10 15:00:00,2024,260,256,Kilmarnock,Celtic,0,2,post,STATUS_FULL_TIME
709993,2024-11-10 17:00:00,2024,257,262,Rangers,Heart of Midlothian,1,0,post,STATUS_FULL_TIME
709997,2024-11-23 15:15:00,2024,251,266,Ross County,Motherwell,2,1,post,STATUS_FULL_TIME
709998,2024-11-23 15:15:00,2024,267,260,St Johnstone,Kilmarnock,1,0,post,STATUS_FULL_TIME
709996,2024-11-23 15:45:00,2024,257,264,Rangers,Dundee United,1,1,post,STATUS_FULL_TIME
709999,2024-11-23 16:00:00,2024,250,263,St Mirren,Aberdeen,2,1,post,STATUS_FULL_TIME
709994,2024-11-23 17:45:00,2024,261,258,Dundee,Hibernian,4,1,post,STATUS_FULL_TIME
709995,2024-11-23 19:45:00,2024,262,256,Heart of Midlothian,Celtic,1,4,post,STATUS_FULL_TIME
709984,2024-11-26 19:45:00,2024,258,263,Hibernian,Aberdeen,3,3,post,STATUS_FULL_TIME
710000,2024-11-30 15:00:00,2024,256,251,Celtic,Ross County,5,0,post,STATUS_FULL_TIME
710001,2024-11-30 15:00:00,2024,264,250,Dundee United,St Mirren,2,0,post,STATUS_FULL_TIME
710003,2024-11-30 15:00:00,2024,260,261,Kilmarnock,Dundee,1,1,post,STATUS_FULL_TIME
710004,2024-11-30 15:00:00,2024,266,258,Motherwell,Hibernian,0,3,post,STATUS_FULL_TIME
710005,2024-12-01 12:00:00,2024,267,257,St Johnstone,Rangers,0,1,post,STATUS_FULL_TIME
710002,2024-12-01 15:00:00,2024,262,263,Heart of Midlothian,Aberdeen,1,1,post,STATUS_FULL_TIME
710009,2024-12-04 19:45:00,2024,257,260,Rangers,Kilmarnock,6,0,post,STATUS_FULL_TIME
710007,2024-12-04 19:45:00,2024,261,266,Dundee,Motherwell,4,1,post,STATUS_FULL_TIME
710006,2024-12-04 20:00:00,2024,263,256,Aberdeen,Celtic,0,1,post,STATUS_FULL_TIME
710012,2024-12-07 15:00:00,2024,263,267,Aberdeen,St Johnstone,1,1,post,STATUS_FULL_TIME
710013,2024-12-07 15:00:00,2024,256,258,Celtic,Hibernian,3,0,post,STATUS_FULL_TIME
710014,2024-12-07 15:00:00,2024,264,260,Dundee United,Kilmarnock,1,1,post,STATUS_FULL_TIME
710015,2024-12-07 15:00:00,2024,262,261,Heart of Midlothian,Dundee,2,0,post,STATUS_FULL_TIME
710017,2024-12-07 15:00:00,2024,250,266,St Mirren,Motherwell,0,1,post,STATUS_FULL_TIME
710016,2024-12-08 12:00:00,2024,251,257,Ross County,Rangers,0,3,post,STATUS_FULL_TIME
710023,2024-12-14 15:00:00,2024,267,250,St Johnstone,St Mirren,2,3,post,STATUS_FULL_TIME
710021,2024-12-14 15:00:00,2024,266,264,Motherwell,Dundee United,4,3,post,STATUS_FULL_TIME
710019,2024-12-14 15:00:00,2024,258,251,Hibernian,Ross County,3,1,post,STATUS_FULL_TIME
710020,2024-12-15 15:00:00,2024,260,262,Kilmarnock,Heart of Midlothian,1,0,post,STATUS_FULL_TIME
710027,2024-12-20 19:45:00,2024,266,260,Motherwell,Kilmarnock,1,1,post,STATUS_FULL_TIME
710024,2024-12-21 15:00:00,2024,263,258,Aberdeen,Hibernian,1,3,post,STATUS_FULL_TIME
710028,2024-12-21 15:00:00,2024,257,261,Rangers,Dundee,1,0,post,STATUS_FULL_TIME
710029,2024-12-21 15:00:00,2024,251,250,Ross County,St Mirren,1,2,post,STATUS_FULL_TIME
710025,2024-12-22 12:00:00,2024,264,256,Dundee United,Celtic,0,0,post,STATUS_FULL_TIME
710026,2024-12-22 15:00:00,2024,262,267,Heart of Midlothian,St Johnstone,2,1,post,STATUS_FULL_TIME
710030,2024-12-26 12:30:00,2024,262,258,Heart of Midlothian,Hibernian,1,2,post,STATUS_FULL_TIME
710033,2024-12-26 15:00:00,2024,256,266,Celtic,Motherwell,4,0,post,STATUS_FULL_TIME
710034,2024-12-26 15:00:00,2024,261,251,Dundee,Ross County,0,3,post,STATUS_FULL_TIME
710035,2024-12-26 15:00:00,2024,260,263,Kilmarnock,Aberdeen,4,0,post,STATUS_FULL_TIME
710032,2024-12-26 15:00:00,2024,267,264,St Johnstone,Dundee United,1,2,post,STATUS_FULL_TIME
710031,2024-12-26 17:45:00,2024,250,257,St Mirren,Rangers,2,1,post,STATUS_FULL_TIME
710038,2024-12-29 15:00:00,2024,250,261,St Mirren,Dundee,1,2,post,STATUS_FULL_TIME
710037,2024-12-29 15:00:00,2024,266,257,Motherwell,Rangers,2,2,post,STATUS_FULL_TIME
710036,2024-12-29 15:00:00,2024,251,262,Ross County,Heart of Midlothian,2,2,post,STATUS_FULL_TIME
710041,2024-12-29 15:00:00,2024,256,267,Celtic,St Johnstone,4,0,post,STATUS_FULL_TIME
710040,2024-12-29 15:00:00,2024,258,260,Hibernian,Kilmarnock,1,0,post,STATUS_FULL_TIME
710039,2024-12-29 17:15:00,2024,264,263,Dundee United,Aberdeen,1,0,post,STATUS_FULL_TIME
710042,2025-01-02 15:00:00,2025,263,251,Aberdeen,Ross County,1,2,post,STATUS_FULL_TIME
710043,2025-01-02 15:00:00,2025,262,266,Heart of Midlothian,Motherwell,1,0,post,STATUS_FULL_TIME
710044,2025-01-02 15:00:00,2025,260,250,Kilmarnock,St Mirren,2,0,post,STATUS_FULL_TIME
710045,2025-01-02 15:00:00,2025,257,256,Rangers,Celtic,3,0,post,STATUS_FULL_TIME
710046,2025-01-02 15:00:00,2025,267,258,St Johnstone,Hibernian,1,1,post,STATUS_FULL_TIME
710047,2025-01-02 17:30:00,2025,261,264,Dundee,Dundee United,1,2,post,STATUS_FULL_TIME
710050,2025-01-05 12:00:00,2025,258,257,Hibernian,Rangers,3,3,post,STATUS_FULL_TIME
710052,2025-01-05 14:30:00,2025,266,263,Motherwell,Aberdeen,2,0,post,STATUS_FULL_TIME
710048,2025-01-05 15:00:00,2025,256,250,Celtic,St Mirren,3,0,post,STATUS_FULL_TIME
710049,2025-01-05 15:00:00,2025,264,262,Dundee United,Heart of Midlothian,0,1,post,STATUS_FULL_TIME
710051,2025-01-05 15:00:00,2025,260,251,Kilmarnock,Ross County,0,1,post,STATUS_FULL_TIME
710053,2025-01-05 15:00:00,2025,267,261,St Johnstone,Dundee,1,3,post,STATUS_FULL_TIME
709985,2025-01-08 19:45:00,2025,260,266,Kilmarnock,Motherwell,0,0,post,STATUS_FULL_TIME
709982,2025-01-08 19:45:00,2025,256,264,Celtic,Dundee United,2,0,post,STATUS_FULL_TIME
709983,2025-01-09 20:00:00,2025,261,257,Dundee,Rangers,1,1,post,STATUS_FULL_TIME
710058,2025-01-11 12:30:00,2025,251,256,Ross County,Celtic,1,4,post,STATUS_FULL_TIME
710059,2025-01-11 15:00:00,2025,250,264,St Mirren,Dundee United,0,1,post,STATUS_FULL_TIME
710056,2025-01-11 15:00:00,2025,258,266,Hibernian,Motherwell,3,1,post,STATUS_FULL_TIME
710054,2025-01-12 15:00:00,2025,263,262,Aberdeen,Heart of Midlothian,0,0,post,STATUS_FULL_TIME
710057,2025-01-12 15:00:00,2025,257,267,Rangers,St Johnstone,3,1,post,STATUS_FULL_TIME
710018,2025-01-14 20:00:00,2025,261,256,Dundee,Celtic,3,3,post,STATUS_FULL_TIME
710022,2025-01-15 20:00:00,2025,257,263,Rangers,Aberdeen,3,0,post,STATUS_FULL_TIME
710060,2025-01-25 15:00:00,2025,263,250,Aberdeen,St Mirren,0,3,post,STATUS_FULL_TIME
710063,2025-01-25 15:00:00,2025,262,260,Heart of Midlothian,Kilmarnock,3,2,post,STATUS_FULL_TIME
710064,2025-01-25 15:00:00,2025,251,258,Ross County,Hibernian,1,1,post,STATUS_FULL_TIME
710065,2025-01-25 15:00:00,2025,267,266,St Johnstone,Motherwell,2,1,post,STATUS_FULL_TIME
710062,2025-01-26 12:00:00,2025,264,257,Dundee United,Rangers,1,3,post,STATUS_FULL_TIME
710066,2025-02-01 15:00:00,2025,261,262,Dundee,Heart of Midlothian,0,6,post,STATUS_FULL_TIME
710067,2025-02-01 15:00:00,2025,258,263,Hibernian,Aberdeen,2,0,post,STATUS_FULL_TIME
710071,2025-02-01 15:00:00,2025,250,267,St Mirren,St Johnstone,0,1,post,STATUS_FULL_TIME
710068,2025-02-01 17:45:00,2025,260,264,Kilmarnock,Dundee United,1,0,post,STATUS_FULL_TIME
710069,2025-02-02 15:00:00,2025,266,256,Motherwell,Celtic,1,3,post,STATUS_FULL_TIME
710070,2025-02-02 15:00:00,2025,257,251,Rangers,Ross County,4,0,post,STATUS_FULL_TIME
710061,2025-02-05 19:45:00,2025,256,261,Celtic,Dundee,6,0,post,STATUS_FULL_TIME
710076,2025-02-15 15:00:00,2025,266,251,Motherwell,Ross County,0,3,post,STATUS_FULL_TIME
710075,2025-02-15 15:00:00,2025,260,267,Kilmarnock,St Johnstone,3,1,post,STATUS_FULL_TIME
710073,2025-02-15 15:00:00,2025,261,263,Dundee,Aberdeen,1,2,post,STATUS_FULL_TIME
710072,2025-02-15 15:00:00,2025,256,264,Celtic,Dundee United,3,0,post,STATUS_FULL_TIME
710074,2025-02-16 12:00:00,2025,262,257,Heart of Midlothian,Rangers,1,3,post,STATUS_FULL_TIME
710077,2025-02-16 14:00:00,2025,250,258,St Mirren,Hibernian,0,0,post,STATUS_FULL_TIME
710080,2025-02-22 12:30:00,2025,258,256,Hibernian,Celtic,2,1,post,STATUS_FULL_TIME
710078,2025-02-22 15:00:00,2025,263,260,Aberdeen,Kilmarnock,1,0,post,STATUS_FULL_TIME
710079,2025-02-22 15:00:00,2025,264,266,Dundee United,Motherwell,1,0,post,STATUS_FULL_TIME
710081,2025-02-22 15:00:00,2025,257,250,Rangers,St Mirren,0,2,post,STATUS_FULL_TIME
710082,2025-02-22 15:00:00,2025,251,261,Ross County,Dundee,3,1,post,STATUS_FULL_TIME
710083,2025-02-23 12:00:00,2025,267,262,St Johnstone,Heart of Midlothian,1,2,post,STATUS_FULL_TIME
710084,2025-02-25 20:00:00,2025,256,263,Celtic,Aberdeen,5,1,post,STATUS_FULL_TIME
710085,2025-02-26 19:45:00,2025,264,258,Dundee United,Hibernian,1,3,post,STATUS_FULL_TIME
710086,2025-02-26 19:45:00,2025,262,250,Heart of Midlothian,St Mirren,3,1,post,STATUS_FULL_TIME
710088,2025-02-26 19:45:00,2025,266,261,Motherwell,Dundee,2,1,post,STATUS_FULL_TIME
710089,2025-02-26 19:45:00,2025,267,251,St Johnstone,Ross County,1,0,post,STATUS_FULL_TIME
710087,2025-02-26 20:00:00,2025,260,257,Kilmarnock,Rangers,2,4,post,STATUS_FULL_TIME
710094,2025-03-01 15:00:00,2025,251,260,Ross County,Kilmarnock,1,0,post,STATUS_FULL_TIME
710093,2025-03-01 15:00:00,2025,257,266,Rangers,Motherwell,1,2,post,STATUS_FULL_TIME
710091,2025-03-01 15:00:00,2025,261,267,Dundee,St Johnstone,1,1,post,STATUS_FULL_TIME
710095,2025-03-01 17:30:00,2025,250,256,St Mirren,Celtic,2,5,post,STATUS_FULL_TIME
710092,2025-03-02 12:30:00,2025,258,262,Hibernian,Heart of Midlothian,2,1,post,STATUS_FULL_TIME
710090,2025-03-02 15:00:00,2025,263,264,Aberdeen,Dundee United,2,2,post,STATUS_FULL_TIME
710098,2025-03-15 15:00:00,2025,262,251,Heart of Midlothian,Ross County,2,0,post,STATUS_FULL_TIME
710099,2025-03-15 15:00:00,2025,260,258,Kilmarnock,Hibernian,1,1,post,STATUS_FULL_TIME
710100,2025-03-15 15:00:00,2025,266,250,Motherwell,St Mirren,2,2,post,STATUS_FULL_TIME
710101,2025-03-15 15:00:00,2025,267,263,St Johnstone,Aberdeen,0,0,post,STATUS_FULL_TIME
710096,2025-03-16 12:30:00,2025,256,257,Celtic,Rangers,2,3,post,STATUS_FULL_TIME
710097,2025-03-16 15:00:00,2025,264,261,Dundee United,Dundee,2,4,post,STATUS_FULL_TIME
710106,2025-03-29 15:00:00,2025,263,266,Aberdeen,Motherwell,4,1,post,STATUS_FULL_TIME
710107,2025-03-29 15:00:00,2025,256,262,Celtic,Heart of Midlothian,3,0,post,STATUS_FULL_TIME
710103,2025-03-29 15:00:00,2025,258,267,Hibernian,St Johnstone,3,0,post,STATUS_FULL_TIME
710105,2025-03-29 15:00:00,2025,250,260,St Mirren,Kilmarnock,5,1,post,STATUS_FULL_TIME
710102,2025-03-29 17:30:00,2025,261,257,Dundee,Rangers,3,4,post,STATUS_FULL_TIME
710104,2025-03-30 14:30:00,2025,251,264,Ross County,Dundee United,0,1,post,STATUS_FULL_TIME
710112,2025-04-05 15:00:00,2025,251,263,Ross County,Aberdeen,0,1,post,STATUS_FULL_TIME
710111,2025-04-05 15:00:00,2025,257,258,Rangers,Hibernian,0,2,post,STATUS_FULL_TIME
710110,2025-04-05 15:00:00,2025,260,266,Kilmarnock,Motherwell,2,0,post,STATUS_FULL_TIME
710108,2025-04-05 15:00:00,2025,261,250,Dundee,St Mirren,2,0,post,STATUS_FULL_TIME
710113,2025-04-06 12:00:00,2025,267,256,St Johnstone,Celtic,1,0,post,STATUS_FULL_TIME
710109,2025-04-06 14:30:00,2025,262,264,Heart of Midlothian,Dundee United,0,1,post,STATUS_FULL_TIME
710115,2025-04-12 12:30:00,2025,256,260,Celtic,Kilmarnock,5,1,post,STATUS_FULL_TIME
710116,2025-04-12 15:00:00,2025,264,267,Dundee United,St Johnstone,1,0,post,STATUS_FULL_TIME
710118,2025-04-12 15:00:00,2025,266,262,Motherwell,Heart of Midlothian,0,0,post,STATUS_FULL_TIME
710119,2025-04-12 15:00:00,2025,250,251,St Mirren,Ross County,3,2,post,STATUS_FULL_TIME
710114,2025-04-13 12:00:00,2025,263,257,Aberdeen,Rangers,2,2,post,STATUS_FULL_TIME
710117,2025-04-13 14:30:00,2025,258,261,Hibernian,Dundee,4,0,post,STATUS_FULL_TIME
735361,2025-04-26 12:30:00,2025,264,256,Dundee United,Celtic,0,5,post,STATUS_FULL_TIME
735365,2025-04-26 15:00:00,2025,263,258,Aberdeen,Hibernian,1,0,post,STATUS_FULL_TIME
735364,2025-04-26 15:00:00,2025,262,261,Heart of Midlothian,Dundee,0,1,post,STATUS_FULL_TIME
735363,2025-04-26 15:00:00,2025,260,251,Kilmarnock,Ross County,2,0,post,STATUS_FULL_TIME
735362,2025-04-26 15:00:00,2025,266,267,Motherwell,St Johnstone,3,2,post,STATUS_FULL_TIME
735366,2025-04-26 15:00:00,2025,250,257,St Mirren,Rangers,2,2,post,STATUS_FULL_TIME
735371,2025-05-03 15:00:00,2025,250,263,St Mirren,Aberdeen,1,0,post,STATUS_FULL_TIME
735369,2025-05-03 15:00:00,2025,251,262,Ross County,Heart of Midlothian,1,3,post,STATUS_FULL_TIME
735370,2025-05-03 15:00:00,2025,267,260,St Johnstone,Kilmarnock,0,2,post,STATUS_FULL_TIME
735368,2025-05-03 15:00:00,2025,258,264,Hibernian,Dundee United,3,1,post,STATUS_FULL_TIME
735367,2025-05-03 15:00:00,2025,261,266,Dundee,Motherwell,1,2,post,STATUS_FULL_TIME
735372,2025-05-04 12:00:00,2025,257,256,Rangers,Celtic,1,1,post,STATUS_FULL_TIME
735373,2025-05-10 15:00:00,2025,256,258,Celtic,Hibernian,3,1,post,STATUS_FULL_TIME
735374,2025-05-10 15:00:00,2025,264,250,Dundee United,St Mirren,0,2,post,STATUS_FULL_TIME
735375,2025-05-10 15:00:00,2025,262,266,Heart of Midlothian,Motherwell,3,0,post,STATUS_FULL_TIME
735376,2025-05-10 15:00:00,2025,260,261,Kilmarnock,Dundee,3,2,post,STATUS_FULL_TIME
735377,2025-05-10 15:00:00,2025,267,251,St Johnstone,Ross County,2,1,post,STATUS_FULL_TIME
735378,2025-05-11 12:00:00,2025,257,263,Rangers,Aberdeen,4,0,post,STATUS_FULL_TIME
735384,2025-05-14 19:45:00,2025,250,258,St Mirren,Hibernian,2,2,post,STATUS_FULL_TIME
735383,2025-05-14 19:45:00,2025,257,264,Rangers,Dundee United,3,1,post,STATUS_FULL_TIME
735380,2025-05-14 19:45:00,2025,261,251,Dundee,Ross County,1,1,post,STATUS_FULL_TIME
735381,2025-05-14 19:45:00,2025,262,267,Heart of Midlothian,St Johnstone,2,1,post,STATUS_FULL_TIME
735382,2025-05-14 19:45:00,2025,266,260,Motherwell,Kilmarnock,3,0,post,STATUS_FULL_TIME
735379,2025-05-14 20:00:00,2025,263,256,Aberdeen,Celtic,1,5,post,STATUS_FULL_TIME
735387,2025-05-17 12:30:00,2025,258,257,Hibernian,Rangers,2,2,post,STATUS_FULL_TIME
735385,2025-05-17 12:30:00,2025,256,250,Celtic,St Mirren,1,1,post,STATUS_FULL_TIME
735386,2025-05-17 12:30:00,2025,264,263,Dundee United,Aberdeen,2,1,post,STATUS_FULL_TIME
735390,2025-05-18 15:00:00,2025,267,261,St Johnstone,Dundee,0,2,post,STATUS_FULL_TIME
735388,2025-05-18 15:00:00,2025,260,262,Kilmarnock,Heart of Midlothian,0,1,post,STATUS_FULL_TIME
735389,2025-05-18 15:00:00,2025,251,266,Ross County,Motherwell,1,1,post,STATUS_FULL_TIME
742336,2025-08-02 15:00:00,2025,260,259,Kilmarnock,Livingston,2,2,post,STATUS_FULL_TIME
742337,2025-08-02 17:30:00,2025,266,257,Motherwell,Rangers,1,1,post,STATUS_FULL_TIME
742338,2025-08-03 14:00:00,2025,254,264,Falkirk,Dundee United,2,2,post,STATUS_FULL_TIME
742339,2025-08-03 15:00:00,2025,261,258,Dundee,Hibernian,1,2,post,STATUS_FULL_TIME
742340,2025-08-03 16:30:00,2025,256,250,Celtic,St Mirren,1,0,post,STATUS_FULL_TIME
742341,2025-08-04 20:00:00,2025,262,263,Heart of Midlothian,Aberdeen,2,0,post,STATUS_FULL_TIME
742345,2025-08-09 15:00:00,2025,250,266,St Mirren,Motherwell,0,0,post,STATUS_FULL_TIME
742344,2025-08-09 15:00:00,2025,259,254,Livingston,Falkirk,3,1,post,STATUS_FULL_TIME
742346,2025-08-09 17:45:00,2025,257,261,Rangers,Dundee,1,1,post,STATUS_FULL_TIME
742347,2025-08-10 12:30:00,2025,263,256,Aberdeen,Celtic,0,2,post,STATUS_FULL_TIME
742342,2025-08-10 15:00:00,2025,264,262,Dundee United,Heart of Midlothian,2,3,post,STATUS_FULL_TIME
742343,2025-08-10 15:00:00,2025,258,260,Hibernian,Kilmarnock,2,2,post,STATUS_FULL_TIME
742348,2025-08-23 15:00:00,2025,256,259,Celtic,Livingston,3,0,post,STATUS_FULL_TIME
742351,2025-08-23 15:00:00,2025,262,266,Heart of Midlothian,Motherwell,3,3,post,STATUS_FULL_TIME
742352,2025-08-23 15:00:00,2025,260,261,Kilmarnock,Dundee,0,0,post,STATUS_FULL_TIME
742353,2025-08-24 12:00:00,2025,250,257,St Mirren,Rangers,1,1,post,STATUS_FULL_TIME
742358,2025-08-30 15:00:00,2025,266,260,Motherwell,Kilmarnock,2,2,post,STATUS_FULL_TIME
742357,2025-08-30 15:00:00,2025,259,262,Livingston,Heart of Midlothian,1,2,post,STATUS_FULL_TIME
742359,2025-08-31 12:00:00,2025,257,256,Rangers,Celtic,0,0,post,STATUS_FULL_TIME
742355,2025-08-31 14:00:00,2025,261,264,Dundee,Dundee United,0,2,post,STATUS_FULL_TIME
742354,2025-08-31 15:00:00,2025,263,254,Aberdeen,Falkirk,0,1,post,STATUS_FULL_TIME
742356,2025-08-31 15:00:00,2025,258,250,Hibernian,St Mirren,1,1,post,STATUS_FULL_TIME
742360,2025-09-13 15:00:00,2025,263,259,Aberdeen,Livingston,0,0,post,STATUS_FULL_TIME
742361,2025-09-13 15:00:00,2025,261,266,Dundee,Motherwell,1,1,post,STATUS_FULL_TIME
742362,2025-09-13 15:00:00,2025,254,250,Falkirk,St Mirren,1,2,post,STATUS_FULL_TIME
742365,2025-09-13 15:00:00,2025,257,262,Rangers,Heart of Midlothian,0,2,post,STATUS_FULL_TIME
742363,2025-09-13 17:45:00,2025,258,264,Hibernian,Dundee United,3,3,post,STATUS_FULL_TIME
742364,2025-09-14 15:00:00,2025,260,256,Kilmarnock,Celtic,1,2,post,STATUS_FULL_TIME
742391,2025-09-20 15:00:00,2025,261,259,Dundee,Livingston,3,2,post,STATUS_FULL_TIME
742349,2025-09-23 19:45:00,2025,264,263,Dundee United,Aberdeen,2,0,post,STATUS_FULL_TIME
742350,2025-09-23 19:45:00,2025,254,258,Falkirk,Hibernian,2,2,post,STATUS_FULL_TIME
742368,2025-09-27 15:00:00,2025,262,254,Heart of Midlothian,Falkirk,3,0,post,STATUS_FULL_TIME
742371,2025-09-27 15:00:00,2025,250,261,St Mirren,Dundee,1,0,post,STATUS_FULL_TIME
742366,2025-09-27 15:00:00,2025,256,258,Celtic,Hibernian,0,0,post,STATUS_FULL_TIME
742367,2025-09-27 15:00:00,2025,264,260,Dundee United,Kilmarnock,0,2,post,STATUS_FULL_TIME
742370,2025-09-27 17:45:00,2025,266,263,Motherwell,Aberdeen,2,0,post,STATUS_FULL_TIME
742369,2025-09-28 15:00:00,2025,259,257,Livingston,Rangers,1,2,post,STATUS_FULL_TIME
742374,2025-10-04 15:00:00,2025,264,259,Dundee United,Livingston,1,1,post,STATUS_FULL_TIME
742377,2025-10-04 15:00:00,2025,260,250,Kilmarnock,St Mirren,2,0,post,STATUS_FULL_TIME
742376,2025-10-04 17:45:00,2025,262,258,Heart of Midlothian,Hibernian,1,0,post,STATUS_FULL_TIME
742373,2025-10-05 15:00:00,2025,256,266,Celtic,Motherwell,3,2,post,STATUS_FULL_TIME
742375,2025-10-05 15:00:00,2025,254,257,Falkirk,Rangers,1,1,post,STATUS_FULL_TIME
742372,2025-10-05 15:00:00,2025,263,261,Aberdeen,Dundee,4,0,post,STATUS_FULL_TIME
742379,2025-10-18 15:00:00,2025,258,259,Hibernian,Livingston,4,0,post,STATUS_FULL_TIME
742381,2025-10-18 15:00:00,2025,266,254,Motherwell,Falkirk,1,2,post,STATUS_FULL_TIME
742382,2025-10-18 15:00:00,2025,257,264,Rangers,Dundee United,2,2,post,STATUS_FULL_TIME
742383,2025-10-18 15:00:00,2025,250,263,St Mirren,Aberdeen,0,1,post,STATUS_FULL_TIME
742380,2025-10-18 17:45:00,2025,260,262,Kilmarnock,Heart of Midlothian,0,3,post,STATUS_FULL_TIME
742378,2025-10-19 12:00:00,2025,261,256,Dundee,Celtic,2,0,post,STATUS_FULL_TIME
742386,2025-10-25 15:00:00,2025,254,261,Falkirk,Dundee,2,1,post,STATUS_FULL_TIME
742385,2025-10-25 15:00:00,2025,264,250,Dundee United,St Mirren,3,1,post,STATUS_FULL_TIME
742388,2025-10-25 15:00:00,2025,259,266,Livingston,Motherwell,1,2,post,STATUS_FULL_TIME
742387,2025-10-26 12:00:00,2025,262,256,Heart of Midlothian,Celtic,3,1,post,STATUS_FULL_TIME
742384,2025-10-26 14:30:00,2025,263,258,Aberdeen,Hibernian,1,2,post,STATUS_FULL_TIME
742389,2025-10-26 15:00:00,2025,257,260,Rangers,Kilmarnock,3,1,post,STATUS_FULL_TIME
742390,2025-10-29 19:45:00,2025,256,254,Celtic,Falkirk,4,0,post,STATUS_FULL_TIME
742392,2025-10-29 19:45:00,2025,258,257,Hibernian,Rangers,0,1,post,STATUS_FULL_TIME
742393,2025-10-29 19:45:00,2025,260,263,Kilmarnock,Aberdeen,0,1,post,STATUS_FULL_TIME
742394,2025-10-29 19:45:00,2025,266,264,Motherwell,Dundee United,2,0,post,STATUS_FULL_TIME
742395,2025-10-29 19:45:00,2025,250,262,St Mirren,Heart of Midlothian,2,2,post,STATUS_FULL_TIME
742397,2025-11-01 15:00:00,2025,254,260,Falkirk,Kilmarnock,3,1,post,STATUS_FULL_TIME
742398,2025-11-01 15:00:00,2025,262,261,Heart of Midlothian,Dundee,4,0,post,STATUS_FULL_TIME
742425,2025-11-01 15:00:00,2025,259,258,Livingston,Hibernian,2,2,post,STATUS_FULL_TIME
742405,2025-11-08 15:00:00,2025,254,259,Falkirk,Livingston,1,1,post,STATUS_FULL_TIME
742406,2025-11-08 17:45:00,2025,250,258,St Mirren,Hibernian,0,3,post,STATUS_FULL_TIME
742402,2025-11-09 15:00:00,2025,263,266,Aberdeen,Motherwell,1,1,post,STATUS_FULL_TIME
742404,2025-11-09 15:00:00,2025,261,257,Dundee,Rangers,0,3,post,STATUS_FULL_TIME
742407,2025-11-09 15:00:00,2025,262,264,Heart of Midlothian,Dundee United,1,1,post,STATUS_FULL_TIME
742403,2025-11-09 16:00:00,2025,256,260,Celtic,Kilmarnock,4,0,post,STATUS_FULL_TIME
742409,2025-11-22 15:00:00,2025,264,254,Dundee United,Falkirk,0,3,post,STATUS_FULL_TIME
742410,2025-11-22 15:00:00,2025,258,261,Hibernian,Dundee,2,0,post,STATUS_FULL_TIME
742411,2025-11-22 15:00:00,2025,260,266,Kilmarnock,Motherwell,1,3,post,STATUS_FULL_TIME
742412,2025-11-22 15:00:00,2025,257,259,Rangers,Livingston,2,1,post,STATUS_FULL_TIME
742413,2025-11-22 20:00:00,2025,250,256,St Mirren,Celtic,0,1,post,STATUS_FULL_TIME
742408,2025-11-23 15:00:00,2025,263,262,Aberdeen,Heart of Midlothian,1,0,post,STATUS_FULL_TIME
742400,2025-11-25 19:45:00,2025,266,258,Motherwell,Hibernian,2,0,post,STATUS_FULL_TIME
742414,2025-11-29 15:00:00,2025,261,250,Dundee,St Mirren,3,1,post,STATUS_FULL_TIME
742418,2025-11-29 15:00:00,2025,266,262,Motherwell,Heart of Midlothian,0,0,post,STATUS_FULL_TIME
742416,2025-11-29 17:45:00,2025,260,264,Kilmarnock,Dundee United,1,1,post,STATUS_FULL_TIME
742415,2025-11-30 12:00:00,2025,258,256,Hibernian,Celtic,1,2,post,STATUS_FULL_TIME
742419,2025-11-30 14:00:00,2025,257,254,Rangers,Falkirk,0,0,post,STATUS_FULL_TIME
742417,2025-11-30 15:00:00,2025,259,263,Livingston,Aberdeen,0,1,post,STATUS_FULL_TIME
742424,2025-12-03 19:45:00,2025,262,260,Heart of Midlothian,Kilmarnock,1,1,post,STATUS_FULL_TIME
742423,2025-12-03 19:45:00,2025,254,266,Falkirk,Motherwell,0,0,post,STATUS_FULL_TIME
742420,2025-12-03 19:45:00,2025,263,250,Aberdeen,St Mirren,3,3,post,STATUS_FULL_TIME
742421,2025-12-03 19:45:00,2025,256,261,Celtic,Dundee,1,0,post,STATUS_FULL_TIME
742422,2025-12-03 19:45:00,2025,264,257,Dundee United,Rangers,2,2,post,STATUS_FULL_TIME
742431,2025-12-06 15:00:00,2025,250,264,St Mirren,Dundee United,2,0,post,STATUS_FULL_TIME
742427,2025-12-06 15:00:00,2025,261,263,Dundee,Aberdeen,1,3,post,STATUS_FULL_TIME
742428,2025-12-06 15:00:00,2025,258,254,Hibernian,Falkirk,3,0,post,STATUS_FULL_TIME
742430,2025-12-06 15:00:00,2025,266,259,Motherwell,Livingston,3,0,post,STATUS_FULL_TIME
742429,2025-12-06 20:00:00,2025,260,257,Kilmarnock,Rangers,0,3,post,STATUS_FULL_TIME
742426,2025-12-07 15:00:00,2025,256,262,Celtic,Heart of Midlothian,1,2,post,STATUS_FULL_TIME
742433,2025-12-13 15:00:00,2025,264,266,Dundee United,Motherwell,0,0,post,STATUS_FULL_TIME
742436,2025-12-13 15:00:00,2025,259,261,Livingston,Dundee,2,2,post,STATUS_FULL_TIME
742453,2025-12-13 20:00:00,2025,254,262,Falkirk,Heart of Midlothian,0,2,post,STATUS_FULL_TIME
742432,2025-12-14 15:00:00,2025,263,260,Aberdeen,Kilmarnock,2,1,post,STATUS_FULL_TIME
742437,2025-12-15 19:45:00,2025,257,258,Rangers,Hibernian,1,0,post,STATUS_FULL_TIME
742396,2025-12-17 20:00:00,2025,264,256,Dundee United,Celtic,2,1,post,STATUS_FULL_TIME
742442,2025-12-20 15:00:00,2025,266,261,Motherwell,Dundee,1,0,post,STATUS_FULL_TIME
742443,2025-12-20 15:00:00,2025,250,259,St Mirren,Livingston,1,0,post,STATUS_FULL_TIME
742439,2025-12-20 15:00:00,2025,264,258,Dundee United,Hibernian,1,1,post,STATUS_FULL_TIME
742441,2025-12-20 15:00:00,2025,260,254,Kilmarnock,Falkirk,0,1,post,STATUS_FULL_TIME
742440,2025-12-21 13:30:00,2025,262,257,Heart of Midlothian,Rangers,2,1,post,STATUS_FULL_TIME
742438,2025-12-21 15:00:00,2025,256,263,Celtic,Aberdeen,3,1,post,STATUS_FULL_TIME
742444,2025-12-27 12:30:00,2025,258,262,Hibernian,Heart of Midlothian,3,2,post,STATUS_FULL_TIME
742448,2025-12-27 15:00:00,2025,261,254,Dundee,Falkirk,1,0,post,STATUS_FULL_TIME
742449,2025-12-27 15:00:00,2025,259,256,Livingston,Celtic,2,4,post,STATUS_FULL_TIME
742446,2025-12-27 15:00:00,2025,257,266,Rangers,Motherwell,1,0,post,STATUS_FULL_TIME
742445,2025-12-27 15:00:00,2025,250,260,St Mirren,Kilmarnock,0,0,post,STATUS_FULL_TIME
742447,2025-12-27 17:45:00,2025,263,264,Aberdeen,Dundee United,1,1,post,STATUS_FULL_TIME
742452,2025-12-30 19:45:00,2025,257,250,Rangers,St Mirren,2,1,post,STATUS_FULL_TIME
742451,2025-12-30 19:45:00,2025,259,264,Livingston,Dundee United,1,3,post,STATUS_FULL_TIME
742455,2025-12-30 19:45:00,2025,261,260,Dundee,Kilmarnock,2,1,post,STATUS_FULL_TIME
742454,2025-12-30 19:45:00,2025,258,263,Hibernian,Aberdeen,2,0,post,STATUS_FULL_TIME
742450,2025-12-30 20:00:00,2025,266,256,Motherwell,Celtic,2,0,post,STATUS_FULL_TIME
742456,2026-01-03 12:30:00,2026,256,257,Celtic,Rangers,1,3,post,STATUS_FULL_TIME
742457,2026-01-03 15:00:00,2026,264,261,Dundee United,Dundee,0,1,post,STATUS_FULL_TIME
742458,2026-01-03 15:00:00,2026,254,263,Falkirk,Aberdeen,1,0,post,STATUS_FULL_TIME
742459,2026-01-03 15:00:00,2026,262,259,Heart of Midlothian,Livingston,1,0,post,STATUS_FULL_TIME
742460,2026-01-03 15:00:00,2026,260,258,Kilmarnock,Hibernian,1,3,post,STATUS_FULL_TIME
742461,2026-01-03 15:00:00,2026,266,250,Motherwell,St Mirren,2,0,post,STATUS_FULL_TIME
742401,2026-01-06 20:00:00,2026,257,263,Rangers,Aberdeen,2,0,post,STATUS_FULL_TIME
742463,2026-01-10 15:00:00,2026,256,264,Celtic,Dundee United,4,0,post,STATUS_FULL_TIME
742465,2026-01-10 15:00:00,2026,258,266,Hibernian,Motherwell,1,1,post,STATUS_FULL_TIME
742466,2026-01-10 15:00:00,2026,259,260,Livingston,Kilmarnock,1,1,post,STATUS_FULL_TIME
742467,2026-01-10 15:00:00,2026,250,254,St Mirren,Falkirk,0,2,post,STATUS_FULL_TIME
742464,2026-01-11 14:00:00,2026,261,262,Dundee,Heart of Midlothian,0,1,post,STATUS_FULL_TIME
742462,2026-01-11 16:30:00,2026,263,257,Aberdeen,Rangers,0,2,post,STATUS_FULL_TIME
742435,2026-01-14 19:45:00,2026,262,250,Heart of Midlothian,St Mirren,2,0,post,STATUS_FULL_TIME
742434,2026-01-14 19:45:00,2026,254,256,Falkirk,Celtic,0,1,post,STATUS_FULL_TIME
742399,2026-01-20 19:45:00,2026,259,250,Livingston,St Mirren,1,1,post,STATUS_FULL_TIME
742468,2026-01-24 15:00:00,2026,263,259,Aberdeen,Livingston,6,2,post,STATUS_FULL_TIME
742470,2026-01-24 15:00:00,2026,254,258,Falkirk,Hibernian,4,1,post,STATUS_FULL_TIME
742472,2026-01-24 15:00:00,2026,266,260,Motherwell,Kilmarnock,4,0,post,STATUS_FULL_TIME
742471,2026-01-25 15:00:00,2026,262,256,Heart of Midlothian,Celtic,2,2,post,STATUS_FULL_TIME
742473,2026-01-25 15:00:00,2026,257,261,Rangers,Dundee,3,0,post,STATUS_FULL_TIME
742478,2026-01-31 15:00:00,2026,259,266,Livingston,Motherwell,0,2,post,STATUS_FULL_TIME
742479,2026-01-31 15:00:00,2026,250,261,St Mirren,Dundee,0,0,post,STATUS_FULL_TIME
742477,2026-01-31 15:00:00,2026,260,263,Kilmarnock,Aberdeen,3,0,post,STATUS_FULL_TIME
742475,2026-01-31 20:00:00,2026,264,262,Dundee United,Heart of Midlothian,0,3,post,STATUS_FULL_TIME
742476,2026-02-01 14:00:00,2026,258,257,Hibernian,Rangers,0,0,post,STATUS_FULL_TIME
742474,2026-02-01 15:00:00,2026,256,254,Celtic,Falkirk,2,0,post,STATUS_FULL_TIME
742485,2026-02-03 20:00:00,2026,250,262,St Mirren,Heart of Midlothian,1,0,post,STATUS_FULL_TIME
742482,2026-02-04 19:45:00,2026,258,264,Hibernian,Dundee United,3,2,post,STATUS_FULL_TIME
742483,2026-02-04 19:45:00,2026,259,254,Livingston,Falkirk,1,2,post,STATUS_FULL_TIME
742484,2026-02-04 19:45:00,2026,257,260,Rangers,Kilmarnock,5,1,post,STATUS_FULL_TIME
742489,2026-02-10 20:00:00,2026,262,258,Heart of Midlothian,Hibernian,1,0,post,STATUS_FULL_TIME
742490,2026-02-11 19:45:00,2026,260,250,Kilmarnock,St Mirren,4,3,post,STATUS_FULL_TIME
742486,2026-02-11 19:45:00,2026,256,259,Celtic,Livingston,2,1,post,STATUS_FULL_TIME
742488,2026-02-11 19:45:00,2026,254,261,Falkirk,Dundee,1,0,post,STATUS_FULL_TIME
742491,2026-02-11 20:00:00,2026,266,257,Motherwell,Rangers,1,1,post,STATUS_FULL_TIME
742492,2026-02-14 15:00:00,2026,261,259,Dundee,Livingston,2,2,post,STATUS_FULL_TIME
742493,2026-02-14 15:00:00,2026,254,264,Falkirk,Dundee United,2,3,post,STATUS_FULL_TIME
742494,2026-02-14 15:00:00,2026,258,250,Hibernian,St Mirren,2,0,post,STATUS_FULL_TIME
742495,2026-02-15 14:00:00,2026,260,256,Kilmarnock,Celtic,2,3,post,STATUS_FULL_TIME
742496,2026-02-15 14:30:00,2026,266,263,Motherwell,Aberdeen,2,0,post,STATUS_FULL_TIME
742497,2026-02-15 16:30:00,2026,257,262,Rangers,Heart of Midlothian,4,2,post,STATUS_FULL_TIME
742498,2026-02-21 15:00:00,2026,263,261,Aberdeen,Dundee,2,3,post,STATUS_FULL_TIME
742500,2026-02-21 15:00:00,2026,264,260,Dundee United,Kilmarnock,1,1,post,STATUS_FULL_TIME
742501,2026-02-21 15:00:00,2026,262,254,Heart of Midlothian,Falkirk,1,0,post,STATUS_FULL_TIME
742503,2026-02-21 19:30:00,2026,250,266,St Mirren,Motherwell,0,5,post,STATUS_FULL_TIME
742499,2026-02-22 15:00:00,2026,256,258,Celtic,Hibernian,1,2,post,STATUS_FULL_TIME
742502,2026-02-22 15:00:00,2026,259,257,Livingston,Rangers,2,2,post,STATUS_FULL_TIME
742487,2026-02-24 19:45:00,2026,264,263,Dundee United,Aberdeen,0,0,post,STATUS_FULL_TIME
742508,2026-02-28 15:00:00,2026,266,264,Motherwell,Dundee United,2,0,post,STATUS_FULL_TIME
742507,2026-02-28 15:00:00,2026,259,250,Livingston,St Mirren,1,1,post,STATUS_FULL_TIME
742506,2026-02-28 15:00:00,2026,262,263,Heart of Midlothian,Aberdeen,1,0,post,STATUS_FULL_TIME
742505,2026-02-28 15:00:00,2026,254,260,Falkirk,Kilmarnock,5,1,post,STATUS_FULL_TIME
742504,2026-02-28 15:00:00,2026,261,258,Dundee,Hibernian,3,3,post,STATUS_FULL_TIME
742509,2026-03-01 12:00:00,2026,257,256,Rangers,Celtic,2,2,post,STATUS_FULL_TIME
742469,2026-03-03 19:45:00,2026,264,250,Dundee United,St Mirren,2,1,post,STATUS_FULL_TIME
742480,2026-03-04 20:00:00,2026,263,256,Aberdeen,Celtic,1,2,post,STATUS_FULL_TIME
742481,2026-03-07 15:00:00,2026,261,266,Dundee,Motherwell,2,1,post,STATUS_FULL_TIME
742511,2026-03-14 15:00:00,2026,256,266,Celtic,Motherwell,3,1,post,STATUS_FULL_TIME
742513,2026-03-14 15:00:00,2026,258,259,Hibernian,Livingston,0,0,post,STATUS_FULL_TIME
742510,2026-03-14 15:00:00,2026,263,254,Aberdeen,Falkirk,1,1,post,STATUS_FULL_TIME
742514,2026-03-14 20:00:00,2026,260,262,Kilmarnock,Heart of Midlothian,1,0,post,STATUS_FULL_TIME
742515,2026-03-15 12:00:00,2026,250,257,St Mirren,Rangers,0,1,post,STATUS_FULL_TIME
742512,2026-03-15 14:00:00,2026,261,264,Dundee,Dundee United,2,2,post,STATUS_FULL_TIME
742518,2026-03-21 15:00:00,2026,266,258,Motherwell,Hibernian,0,0,post,STATUS_FULL_TIME
742521,2026-03-21 15:00:00,2026,254,250,Falkirk,St Mirren,1,2,post,STATUS_FULL_TIME
742516,2026-03-21 15:00:00,2026,262,261,Heart of Midlothian,Dundee,1,0,post,STATUS_FULL_TIME
742517,2026-03-21 15:00:00,2026,260,259,Kilmarnock,Livingston,2,0,post,STATUS_FULL_TIME
742519,2026-03-21 17:45:00,2026,257,263,Rangers,Aberdeen,4,1,post,STATUS_FULL_TIME
742520,2026-03-22 12:30:00,2026,264,256,Dundee United,Celtic,2,0,post,STATUS_FULL_TIME
742523,2026-04-04 15:00:00,2026,258,260,Hibernian,Kilmarnock,3,0,post,STATUS_FULL_TIME
742525,2026-04-04 15:00:00,2026,266,254,Motherwell,Falkirk,2,3,post,STATUS_FULL_TIME
742526,2026-04-04 15:00:00,2026,257,264,Rangers,Dundee United,4,2,post,STATUS_FULL_TIME
742527,2026-04-04 15:00:00,2026,250,263,St Mirren,Aberdeen,2,0,post,STATUS_FULL_TIME
742524,2026-04-05 14:00:00,2026,259,262,Livingston,Heart of Midlothian,2,2,post,STATUS_FULL_TIME
742522,2026-04-05 16:30:00,2026,261,256,Dundee,Celtic,1,2,post,STATUS_FULL_TIME
742533,2026-04-11 15:00:00,2026,260,261,Kilmarnock,Dundee,2,2,post,STATUS_FULL_TIME
742532,2026-04-11 15:00:00,2026,262,266,Heart of Midlothian,Motherwell,3,1,post,STATUS_FULL_TIME
742530,2026-04-11 15:00:00,2026,264,259,Dundee United,Livingston,3,2,post,STATUS_FULL_TIME
742529,2026-04-11 15:00:00,2026,256,250,Celtic,St Mirren,1,0,post,STATUS_FULL_TIME
742528,2026-04-11 15:00:00,2026,263,258,Aberdeen,Hibernian,2,0,post,STATUS_FULL_TIME
742531,2026-04-12 12:00:00,2026,254,257,Falkirk,Rangers,3,6,post,STATUS_FULL_TIME
401867695,2026-04-25 15:00:00,2026,263,260,Aberdeen,Kilmarnock,1,0,post,STATUS_FULL_TIME
401867696,2026-04-25 15:00:00,2026,250,259,St Mirren,Livingston,0,2,post,STATUS_FULL_TIME
401867697,2026-04-25 17:30:00,2026,256,254,Celtic,Falkirk,3,1,post,STATUS_FULL_TIME
401867698,2026-04-26 14:00:00,2026,264,261,Dundee United,Dundee,3,0,post,STATUS_FULL_TIME
401867699,2026-04-26 15:00:00,2026,257,266,Rangers,Motherwell,2,3,post,STATUS_FULL_TIME
401867700,2026-04-26 16:30:00,2026,258,262,Hibernian,Heart of Midlothian,1,2,post,STATUS_FULL_TIME
401867701,2026-05-01 19:45:00,2026,259,263,Livingston,Aberdeen,2,2,post,STATUS_FULL_TIME
401867702,2026-05-02 15:00:00,2026,261,250,Dundee,St Mirren,1,0,post,STATUS_FULL_TIME
401867703,2026-05-02 15:00:00,2026,254,266,Falkirk,Motherwell,1,0,post,STATUS_FULL_TIME
401867704,2026-05-02 15:00:00,2026,260,264,Kilmarnock,Dundee United,3,0,post,STATUS_FULL_TIME
401867705,2026-05-03 12:00:00,2026,258,256,Hibernian,Celtic,1,2,post,STATUS_FULL_TIME
401867706,2026-05-04 17:30:00,2026,262,257,Heart of Midlothian,Rangers,2,1,post,STATUS_FULL_TIME
401867709,2026-05-09 15:00:00,2026,254,258,Falkirk,Hibernian,1,3,post,STATUS_FULL_TIME
401867710,2026-05-09 15:00:00,2026,250,260,St Mirren,Kilmarnock,0,3,post,STATUS_FULL_TIME
401867708,2026-05-09 15:00:00,2026,263,264,Aberdeen,Dundee United,2,0,post,STATUS_FULL_TIME
401867707,2026-05-09 15:00:00,2026,261,259,Dundee,Livingston,3,0,post,STATUS_FULL_TIME
401867711,2026-05-09 20:00:00,2026,266,262,Motherwell,Heart of Midlothian,1,1,post,STATUS_FULL_TIME
401867712,2026-05-10 12:00:00,2026,256,257,Celtic,Rangers,3,1,post,STATUS_FULL_TIME
401867713,2026-05-12 19:45:00,2026,263,250,Aberdeen,St Mirren,0,2,post,STATUS_FULL_TIME
401867714,2026-05-12 19:45:00,2026,264,259,Dundee United,Livingston,0,0,post,STATUS_FULL_TIME
401867715,2026-05-12 19:45:00,2026,260,261,Kilmarnock,Dundee,3,1,post,STATUS_FULL_TIME
401867718,2026-05-13 20:00:00,2026,257,258,Rangers,Hibernian,1,2,post,STATUS_FULL_TIME
401867716,2026-05-13 20:00:00,2026,262,254,Heart of Midlothian,Falkirk,3,0,post,STATUS_FULL_TIME
401867717,2026-05-13 20:00:00,2026,266,256,Motherwell,Celtic,2,3,post,STATUS_FULL_TIME
401867721,2026-05-16 12:30:00,2026,258,266,Hibernian,Motherwell,0,1,post,STATUS_FULL_TIME
401867719,2026-05-16 12:30:00,2026,256,262,Celtic,Heart of Midlothian,3,1,post,STATUS_FULL_TIME
401867720,2026-05-16 12:30:00,2026,254,257,Falkirk,Rangers,2,5,post,STATUS_FULL_TIME
401867722,2026-05-17 14:00:00,2026,261,263,Dundee,Aberdeen,3,2,post,STATUS_FULL_TIME
401867723,2026-05-17 14:00:00,2026,259,260,Livingston,Kilmarnock,1,4,post,STATUS_FULL_TIME
401867724,2026-05-17 14:00:00,2026,250,264,St Mirren,Dundee United,1,1,post,STATUS_FULL_TIME
401878416,2026-07-31 20:00:00,2026,264,257,Dundee United,Rangers,1,1,post,STATUS_FULL_TIME
401878415,2026-08-01 15:00:00,2026,254,250,Falkirk,St Mirren,0,2,post,STATUS_FULL_TIME
401878414,2026-08-01 17:30:00,2026,263,262,Aberdeen,Heart of Midlothian,2,1,post,STATUS_FULL_TIME
401878413,2026-08-02 14:00:00,2026,267,260,St Johnstone,Kilmarnock,4,3,post,STATUS_FULL_TIME
401878412,2026-08-02 16:30:00,2026,258,266,Hibernian,Motherwell,1,2,post,STATUS_FULL_TIME
401878411,2026-08-03 19:30:00,2026,256,261,Celtic,Dundee,1,0,post,STATUS_FULL_TIME
401878410,2026-08-08 15:00:00,2026,261,263,Dundee,Aberdeen,2,0,post,STATUS_FULL_TIME
401878407,2026-08-08 15:00:00,2026,250,267,St Mirren,St Johnstone,1,0,post,STATUS_FULL_TIME
401878406,2026-08-09 13:30:00,2026,260,256,Kilmarnock,Celtic,1,5,post,STATUS_FULL_TIME
401878408,2026-08-09 15:00:00,2026,266,254,Motherwell,Falkirk,0,0,post,STATUS_FULL_TIME
401878409,2026-08-09 15:00:00,2026,262,264,Heart of Midlothian,Dundee United,4,0,post,STATUS_FULL_TIME
401878405,2026-08-09 16:00:00,2026,257,258,Rangers,Hibernian,1,2,post,STATUS_FULL_TIME
401878404,2026-08-22 17:45:00,2026,264,261,Dundee United,Dundee,0,2,post,STATUS_FULL_TIME
401878397,2026-08-29 15:00:00,2026,256,254,Celtic,Falkirk,2,1,post,STATUS_FULL_TIME
401878395,2026-08-29 15:00:00,2026,262,267,Heart of Midlothian,St Johnstone,2,1,post,STATUS_FULL_TIME
401878394,2026-08-29 15:00:00,2026,260,264,Kilmarnock,Dundee United,0,4,post,STATUS_FULL_TIME
401878398,2026-08-30 12:00:00,2026,263,257,Aberdeen,Rangers,0,1,post,STATUS_FULL_TIME
401878396,2026-08-30 15:00:00,2026,261,258,Dundee,Hibernian,1,2,post,STATUS_FULL_TIME
401878393,2026-08-30 15:00:00,2026,250,266,St Mirren,Motherwell,3,3,post,STATUS_FULL_TIME
401878392,2026-09-02 19:45:00,2026,256,263,Celtic,Aberdeen,3,0,post,STATUS_FULL_TIME
401878391,2026-09-02 19:45:00,2026,261,267,Dundee,St Johnstone,1,1,post,STATUS_FULL_TIME
401878388,2026-09-02 19:45:00,2026,260,250,Kilmarnock,St Mirren,0,1,post,STATUS_FULL_TIME
401878387,2026-09-02 19:45:00,2026,266,264,Motherwell,Dundee United,3,0,post,STATUS_FULL_TIME
401878390,2026-09-02 20:00:00,2026,254,257,Falkirk,Rangers,1,2,post,STATUS_FULL_TIME
401878389,2026-09-03 19:45:00,2026,258,262,Hibernian,Heart of Midlothian,1,3,post,STATUS_FULL_TIME
401878386,2026-09-05 15:00:00,2026,263,260,Aberdeen,Kilmarnock,0,0,post,STATUS_FULL_TIME
401878385,2026-09-05 15:00:00,2026,264,254,Dundee United,Falkirk,1,1,post,STATUS_FULL_TIME
401878383,2026-09-05 15:00:00,2026,257,266,Rangers,Motherwell,1,0,post,STATUS_FULL_TIME
401878381,2026-09-05 20:00:00,2026,250,256,St Mirren,Celtic,1,2,post,STATUS_FULL_TIME
401878382,2026-09-06 15:00:00,2026,267,258,St Johnstone,Hibernian,2,1,post,STATUS_FULL_TIME
401878384,2026-09-06 15:00:00,2026,262,261,Heart of Midlothian,Dundee,2,1,post,STATUS_FULL_TIME
