event_id,local_equipo,local_foulsCommitted,local_yellowCards,local_redCards,local_offsides,local_wonCorners,local_saves,local_possessionPct,local_totalShots,local_shotsOnTarget,local_shotPct,local_penaltyKickGoals,local_penaltyKickShots,local_blockedShots,visita_equipo,visita_foulsCommitted,visita_yellowCards,visita_redCards,visita_offsides,visita_wonCorners,visita_saves,visita_possessionPct,visita_totalShots,visita_shotsOnTarget,visita_shotPct,visita_penaltyKickGoals,visita_penaltyKickShots,visita_blockedShots
401861042,Serbia,11.0,2.0,0.0,2.0,2.0,7.0,38.5,9.0,4.0,0.4,0.0,0.0,1.0,Greece,7.0,1.0,0.0,2.0,6.0,3.0,61.5,26.0,9.0,0.3,0.0,0.0,7.0
401861043,Liechtenstein,15.0,1.0,0.0,0.0,0.0,5.0,27.4,4.0,0.0,0.0,0.0,0.0,0.0,Lithuania,14.0,1.0,0.0,1.0,8.0,0.0,72.6,16.0,7.0,0.4,0.0,0.0,5.0
401861048,Austria,15.0,3.0,0.0,2.0,4.0,0.0,51.9,19.0,9.0,0.5,0.0,1.0,3.0,Israel,4.0,2.0,1.0,1.0,2.0,6.0,48.1,5.0,1.0,0.2,0.0,0.0,2.0
401861045,Kosovo,12.0,0.0,0.0,2.0,1.0,1.0,57.3,22.0,8.0,0.4,0.0,0.0,6.0,Republic of Ireland,15.0,2.0,0.0,0.0,0.0,5.0,42.7,3.0,1.0,0.3,0.0,0.0,0.0
401861044,Portugal,12.0,0.0,0.0,3.0,10.0,0.0,61.4,23.0,5.0,0.2,0.0,0.0,7.0,Wales,10.0,1.0,0.0,3.0,2.0,4.0,38.6,5.0,1.0,0.2,0.0,0.0,0.0
401861041,Netherlands,11.0,3.0,0.0,3.0,12.0,1.0,53.5,22.0,10.0,0.5,0.0,0.0,6.0,Germany,16.0,1.0,0.0,1.0,1.0,9.0,46.5,10.0,2.0,0.2,0.0,0.0,3.0
401861046,Norway,14.0,0.0,1.0,1.0,4.0,5.0,48.7,13.0,7.0,0.5,0.0,0.0,3.0,Denmark,10.0,3.0,0.0,2.0,8.0,4.0,51.3,13.0,7.0,0.5,0.0,0.0,2.0
401861047,Andorra,24.0,5.0,0.0,1.0,3.0,6.0,41.2,13.0,5.0,0.4,0.0,0.0,3.0,Malta,12.0,2.0,0.0,1.0,2.0,4.0,58.8,13.0,8.0,0.6,0.0,1.0,0.0
723734,Luxembourg,14.0,3.0,0.0,2.0,3.0,5.0,63.0,13.0,6.0,0.5,0.0,1.0,3.0,Malta,13.0,0.0,1.0,1.0,6.0,3.0,37.0,13.0,5.0,0.4,0.0,0.0,4.0
723732,Latvia,13.0,2.0,0.0,1.0,9.0,2.0,57.6,14.0,5.0,0.4,0.0,0.0,2.0,Gibraltar,15.0,5.0,0.0,0.0,3.0,4.0,42.4,6.0,2.0,0.3,0.0,0.0,2.0
723733,Malta,11.0,2.0,0.0,1.0,1.0,0.0,42.9,9.0,2.0,0.2,0.0,0.0,1.0,Luxembourg,11.0,0.0,0.0,3.0,3.0,2.0,57.1,7.0,2.0,0.3,0.0,0.0,4.0
723731,Gibraltar,12.0,2.0,0.0,0.0,1.0,1.0,37.8,5.0,1.0,0.2,0.0,0.0,1.0,Latvia,10.0,2.0,0.0,6.0,6.0,1.0,62.2,12.0,2.0,0.2,2.0,1.0,1.0
723738,Portugal,14.0,3.0,0.0,4.0,3.0,4.0,38.6,7.0,2.0,0.3,0.0,0.0,1.0,Spain,19.0,4.0,0.0,3.0,4.0,0.0,61.4,16.0,6.0,0.4,0.0,0.0,2.0
723737,Germany,11.0,3.0,0.0,4.0,9.0,7.0,56.0,20.0,6.0,0.3,0.0,0.0,7.0,France,7.0,2.0,0.0,1.0,6.0,6.0,44.0,16.0,9.0,0.6,0.0,0.0,2.0
723736,Spain,17.0,2.0,0.0,2.0,4.0,6.0,43.4,16.0,8.0,0.5,1.0,1.0,8.0,France,14.0,4.0,0.0,1.0,6.0,3.0,56.6,24.0,9.0,0.4,1.0,1.0,7.0
723735,Germany,9.0,3.0,0.0,3.0,3.0,4.0,55.0,9.0,5.0,0.6,0.0,0.0,2.0,Portugal,10.0,2.0,0.0,0.0,4.0,4.0,45.0,17.0,6.0,0.4,0.0,0.0,4.0
723714,Germany,15.0,3.0,0.0,0.0,6.0,0.0,56.9,22.0,8.0,0.4,1.0,1.0,6.0,Italy,13.0,4.0,0.0,1.0,4.0,5.0,43.1,9.0,3.0,0.3,1.0,1.0,0.0
723718,Belgium,10.0,2.0,0.0,3.0,10.0,1.0,69.5,19.0,6.0,0.3,0.0,0.0,6.0,Ukraine,9.0,4.0,0.0,2.0,1.0,3.0,30.5,6.0,1.0,0.2,0.0,0.0,0.0
723710,France,14.0,2.0,0.0,2.0,16.0,0.0,61.6,28.0,8.0,0.3,0.0,0.0,6.0,Croatia,24.0,6.0,0.0,2.0,0.0,6.0,38.4,5.0,0.0,0.0,0.0,0.0,3.0
723712,Portugal,21.0,2.0,0.0,8.0,11.0,2.0,58.4,18.0,11.0,0.6,0.0,1.0,4.0,Denmark,19.0,4.0,0.0,0.0,8.0,7.0,41.6,14.0,4.0,0.3,0.0,0.0,6.0
723708,Spain,14.0,2.0,0.0,4.0,4.0,7.0,54.1,19.0,9.0,0.5,1.0,1.0,6.0,Netherlands,11.0,1.0,0.0,1.0,2.0,6.0,45.9,16.0,9.0,0.6,2.0,2.0,3.0
723726,Republic of Ireland,12.0,3.0,0.0,2.0,5.0,1.0,50.4,14.0,5.0,0.4,0.0,0.0,4.0,Bulgaria,12.0,3.0,0.0,0.0,5.0,2.0,49.6,7.0,2.0,0.3,0.0,0.0,2.0
723722,Scotland,13.0,2.0,0.0,1.0,3.0,1.0,58.2,11.0,5.0,0.5,0.0,0.0,2.0,Greece,15.0,2.0,0.0,1.0,0.0,5.0,41.8,13.0,5.0,0.4,0.0,0.0,2.0
723724,Iceland,9.0,2.0,1.0,0.0,6.0,7.0,55.9,9.0,2.0,0.2,0.0,0.0,3.0,Kosovo,13.0,3.0,0.0,1.0,6.0,1.0,44.1,21.0,10.0,0.5,0.0,0.0,3.0
723716,Hungary,18.0,4.0,0.0,1.0,2.0,1.0,54.8,10.0,2.0,0.2,0.0,0.0,3.0,Türkiye,13.0,3.0,0.0,2.0,3.0,2.0,45.2,9.0,4.0,0.4,1.0,1.0,2.0
723720,Serbia,9.0,2.0,0.0,2.0,2.0,5.0,35.4,13.0,4.0,0.3,0.0,0.0,4.0,Austria,8.0,2.0,1.0,4.0,3.0,2.0,64.6,12.0,5.0,0.4,0.0,0.0,3.0
723730,Slovenia,18.0,5.0,0.0,2.0,6.0,6.0,42.1,20.0,7.0,0.4,0.0,0.0,6.0,Slovakia,14.0,3.0,0.0,2.0,7.0,6.0,57.9,24.0,6.0,0.3,0.0,0.0,5.0
723728,Georgia,10.0,1.0,0.0,1.0,5.0,1.0,64.5,16.0,9.0,0.6,0.0,0.0,0.0,Armenia,10.0,3.0,0.0,0.0,3.0,4.0,35.5,7.0,2.0,0.3,0.0,0.0,0.0
723721,Greece,9.0,1.0,0.0,1.0,8.0,1.0,57.8,24.0,1.0,0.0,0.0,0.0,8.0,Scotland,10.0,1.0,0.0,0.0,3.0,1.0,42.2,8.0,2.0,0.3,1.0,1.0,2.0
723713,Italy,14.0,2.0,0.0,1.0,6.0,2.0,41.5,13.0,6.0,0.5,0.0,0.0,3.0,Germany,20.0,1.0,0.0,1.0,8.0,6.0,58.5,10.0,4.0,0.4,0.0,0.0,3.0
723729,Slovakia,7.0,0.0,0.0,3.0,6.0,3.0,60.7,8.0,2.0,0.3,0.0,0.0,3.0,Slovenia,13.0,1.0,0.0,0.0,0.0,2.0,39.3,5.0,3.0,0.6,0.0,0.0,0.0
723707,Netherlands,14.0,2.0,1.0,0.0,2.0,5.0,40.3,10.0,4.0,0.4,0.0,0.0,1.0,Spain,7.0,2.0,0.0,1.0,4.0,2.0,59.7,15.0,6.0,0.4,0.0,0.0,5.0
723723,Kosovo,10.0,2.0,0.0,2.0,5.0,6.0,44.2,18.0,6.0,0.3,0.0,0.0,4.0,Iceland,10.0,2.0,0.0,1.0,2.0,4.0,55.8,7.0,7.0,1.0,0.0,0.0,0.0
723717,Ukraine,7.0,0.0,0.0,2.0,3.0,3.0,44.5,12.0,7.0,0.6,0.0,0.0,1.0,Belgium,10.0,1.0,0.0,0.0,4.0,4.0,55.5,8.0,4.0,0.5,0.0,0.0,1.0
723711,Denmark,5.0,0.0,0.0,0.0,7.0,2.0,44.1,23.0,9.0,0.4,0.0,1.0,7.0,Portugal,9.0,2.0,0.0,2.0,6.0,7.0,55.9,8.0,2.0,0.3,0.0,0.0,1.0
723709,Croatia,12.0,0.0,0.0,2.0,3.0,6.0,38.0,8.0,4.0,0.5,0.0,1.0,2.0,France,12.0,2.0,0.0,0.0,9.0,2.0,62.0,16.0,6.0,0.4,0.0,0.0,4.0
723725,Bulgaria,21.0,4.0,0.0,0.0,2.0,1.0,55.8,7.0,3.0,0.4,0.0,0.0,3.0,Republic of Ireland,10.0,4.0,0.0,0.0,3.0,2.0,44.2,12.0,3.0,0.3,0.0,0.0,2.0
723719,Austria,11.0,0.0,0.0,2.0,3.0,0.0,68.9,24.0,4.0,0.2,0.0,0.0,9.0,Serbia,9.0,0.0,0.0,1.0,2.0,3.0,31.1,8.0,1.0,0.1,0.0,0.0,4.0
723727,Armenia,10.0,1.0,0.0,2.0,7.0,2.0,41.0,8.0,2.0,0.3,0.0,0.0,3.0,Georgia,11.0,2.0,0.0,0.0,3.0,2.0,59.0,10.0,5.0,0.5,0.0,0.0,1.0
723715,Türkiye,13.0,1.0,0.0,3.0,4.0,5.0,62.6,10.0,3.0,0.3,0.0,0.0,4.0,Hungary,17.0,3.0,0.0,4.0,3.0,0.0,37.4,15.0,6.0,0.4,0.0,0.0,3.0
699041,Sweden,10.0,1.0,0.0,3.0,12.0,3.0,65.6,34.0,14.0,0.4,0.0,1.0,13.0,Azerbaijan,16.0,5.0,0.0,2.0,1.0,8.0,34.4,4.0,3.0,0.8,0.0,0.0,0.0
699045,Czechia,13.0,5.0,0.0,0.0,10.0,4.0,35.0,14.0,6.0,0.4,0.0,0.0,5.0,Georgia,10.0,4.0,0.0,0.0,6.0,4.0,65.0,11.0,5.0,0.5,0.0,0.0,5.0
699044,Hungary,17.0,2.0,0.0,0.0,7.0,2.0,28.6,16.0,6.0,0.4,1.0,1.0,7.0,Germany,12.0,3.0,0.0,1.0,5.0,5.0,71.4,12.0,3.0,0.3,0.0,0.0,5.0
699029,Albania,12.0,3.0,0.0,0.0,5.0,6.0,54.9,10.0,2.0,0.2,1.0,1.0,2.0,Ukraine,17.0,1.0,0.0,0.0,3.0,1.0,45.1,15.0,8.0,0.5,0.0,0.0,1.0
699046,Montenegro,14.0,6.0,0.0,4.0,2.0,4.0,29.0,10.0,6.0,0.6,0.0,0.0,2.0,Türkiye,6.0,5.0,0.0,0.0,5.0,3.0,71.0,21.0,6.0,0.3,0.0,0.0,4.0
699042,Wales,10.0,3.0,0.0,1.0,7.0,3.0,60.6,16.0,10.0,0.6,0.0,0.0,5.0,Iceland,14.0,5.0,0.0,1.0,2.0,6.0,39.4,11.0,5.0,0.5,0.0,0.0,0.0
699031,Slovakia,12.0,1.0,0.0,3.0,9.0,0.0,51.7,26.0,12.0,0.5,0.0,0.0,6.0,Estonia,11.0,2.0,0.0,2.0,4.0,11.0,48.3,6.0,0.0,0.0,0.0,0.0,4.0
699030,Bosnia-Herzegovina,17.0,1.0,0.0,4.0,3.0,1.0,36.0,8.0,3.0,0.4,0.0,0.0,3.0,Netherlands,11.0,0.0,0.0,4.0,5.0,2.0,64.0,12.0,2.0,0.2,0.0,0.0,6.0
699043,Malta,7.0,2.0,1.0,3.0,2.0,4.0,56.9,7.0,3.0,0.4,0.0,0.0,3.0,Andorra,28.0,4.0,0.0,0.0,4.0,3.0,43.1,10.0,3.0,0.3,0.0,0.0,2.0
699027,Luxembourg,18.0,1.0,0.0,3.0,0.0,3.0,53.5,6.0,2.0,0.3,0.0,0.0,2.0,Northern Ireland,16.0,2.0,0.0,1.0,5.0,0.0,46.5,9.0,5.0,0.6,0.0,0.0,0.0
699020,Croatia,8.0,0.0,0.0,2.0,5.0,4.0,43.2,15.0,8.0,0.5,0.0,0.0,4.0,Portugal,8.0,2.0,0.0,1.0,7.0,6.0,56.8,12.0,5.0,0.4,0.0,0.0,3.0
699022,Kosovo,17.0,2.0,1.0,0.0,4.0,4.0,42.9,11.0,4.0,0.4,0.0,0.0,2.0,Lithuania,17.0,1.0,0.0,0.0,2.0,3.0,57.1,12.0,4.0,0.3,0.0,0.0,0.0
699028,Liechtenstein,15.0,3.0,0.0,0.0,3.0,2.0,56.8,13.0,3.0,0.2,0.0,0.0,4.0,San Marino,16.0,3.0,0.0,1.0,7.0,2.0,43.2,16.0,5.0,0.3,1.0,1.0,2.0
699021,Bulgaria,17.0,3.0,0.0,5.0,1.0,1.0,52.3,9.0,3.0,0.3,0.0,0.0,1.0,Belarus,18.0,5.0,0.0,6.0,3.0,3.0,47.7,5.0,2.0,0.4,0.0,0.0,2.0
699026,Poland,13.0,2.0,0.0,4.0,4.0,5.0,42.4,19.0,6.0,0.3,0.0,0.0,5.0,Scotland,10.0,3.0,0.0,1.0,5.0,4.0,57.6,16.0,7.0,0.4,0.0,0.0,3.0
699025,Romania,11.0,0.0,0.0,1.0,5.0,3.0,65.6,19.0,9.0,0.5,0.0,0.0,3.0,Cyprus,13.0,2.0,1.0,1.0,2.0,5.0,34.4,8.0,4.0,0.5,0.0,0.0,3.0
699024,Serbia,13.0,3.0,1.0,0.0,7.0,3.0,50.9,22.0,6.0,0.3,0.0,0.0,2.0,Denmark,8.0,1.0,0.0,2.0,3.0,6.0,49.1,8.0,4.0,0.5,0.0,0.0,2.0
699023,Spain,11.0,2.0,0.0,3.0,7.0,2.0,59.7,21.0,10.0,0.5,1.0,2.0,2.0,Switzerland,14.0,1.0,0.0,1.0,3.0,5.0,40.3,11.0,4.0,0.4,1.0,1.0,4.0
699019,Italy,20.0,1.0,0.0,0.0,3.0,2.0,53.8,10.0,4.0,0.4,0.0,0.0,2.0,France,13.0,2.0,0.0,0.0,3.0,3.0,46.2,6.0,4.0,0.7,0.0,0.0,1.0
699018,Israel,14.0,2.0,0.0,3.0,5.0,4.0,30.5,10.0,4.0,0.4,0.0,0.0,2.0,Belgium,10.0,3.0,0.0,3.0,5.0,3.0,69.5,12.0,4.0,0.3,0.0,0.0,2.0
699015,Norway,8.0,0.0,0.0,1.0,11.0,0.0,62.2,24.0,9.0,0.4,0.0,0.0,5.0,Kazakhstan,16.0,2.0,0.0,3.0,3.0,4.0,37.8,8.0,0.0,0.0,0.0,0.0,6.0
699014,Finland,10.0,3.0,0.0,1.0,4.0,3.0,42.8,7.0,0.0,0.0,0.0,0.0,3.0,Greece,4.0,0.0,0.0,0.0,7.0,0.0,57.2,16.0,5.0,0.3,0.0,0.0,5.0
699017,England,7.0,4.0,0.0,0.0,12.0,1.0,73.6,22.0,7.0,0.3,1.0,1.0,8.0,Republic of Ireland,9.0,2.0,1.0,0.0,0.0,2.0,26.4,1.0,1.0,1.0,0.0,0.0,0.0
699016,Austria,12.0,1.0,0.0,4.0,3.0,2.0,67.1,22.0,4.0,0.2,0.0,0.0,4.0,Slovenia,9.0,2.0,0.0,0.0,0.0,3.0,32.9,9.0,3.0,0.3,0.0,0.0,2.0
699013,North Macedonia,7.0,5.0,0.0,3.0,2.0,1.0,60.9,11.0,4.0,0.4,0.0,0.0,4.0,Faroe Islands,8.0,1.0,0.0,0.0,5.0,3.0,39.1,9.0,1.0,0.1,0.0,0.0,6.0
699012,Latvia,9.0,2.0,0.0,2.0,0.0,3.0,51.0,8.0,2.0,0.3,0.0,0.0,4.0,Armenia,9.0,1.0,0.0,0.0,9.0,1.0,49.0,15.0,5.0,0.3,0.0,0.0,4.0
699011,Germany,7.0,1.0,0.0,1.0,3.0,3.0,72.5,23.0,13.0,0.6,0.0,0.0,4.0,Bosnia-Herzegovina,12.0,2.0,0.0,1.0,0.0,6.0,27.5,7.0,3.0,0.4,0.0,0.0,2.0
699009,Albania,11.0,1.0,0.0,0.0,2.0,2.0,43.1,9.0,2.0,0.2,0.0,0.0,4.0,Czechia,15.0,2.0,0.0,1.0,6.0,2.0,56.9,8.0,2.0,0.3,0.0,0.0,2.0
699010,Netherlands,10.0,1.0,0.0,0.0,5.0,2.0,72.2,22.0,11.0,0.5,2.0,2.0,4.0,Hungary,14.0,2.0,0.0,3.0,4.0,7.0,27.8,12.0,2.0,0.2,0.0,0.0,3.0
699008,Sweden,15.0,3.0,0.0,0.0,6.0,1.0,60.7,16.0,8.0,0.5,0.0,0.0,2.0,Slovakia,13.0,3.0,1.0,1.0,2.0,6.0,39.3,6.0,2.0,0.3,0.0,0.0,0.0
699006,Montenegro,9.0,4.0,0.0,5.0,7.0,1.0,51.5,16.0,3.0,0.2,0.0,0.0,3.0,Iceland,7.0,3.0,0.0,0.0,2.0,3.0,48.5,12.0,3.0,0.3,0.0,0.0,3.0
699007,Georgia,8.0,2.0,0.0,1.0,8.0,3.0,57.2,18.0,3.0,0.2,0.0,0.0,5.0,Ukraine,17.0,4.0,0.0,1.0,4.0,2.0,42.8,7.0,3.0,0.4,0.0,0.0,1.0
699004,Andorra,20.0,3.0,0.0,1.0,1.0,5.0,36.1,7.0,3.0,0.4,0.0,0.0,2.0,Moldova,22.0,4.0,0.0,0.0,3.0,3.0,63.9,16.0,6.0,0.4,0.0,0.0,4.0
699005,Türkiye,13.0,1.0,0.0,1.0,9.0,1.0,63.0,25.0,3.0,0.1,0.0,1.0,10.0,Wales,10.0,2.0,0.0,2.0,2.0,3.0,37.0,4.0,1.0,0.3,0.0,0.0,1.0
699003,Azerbaijan,7.0,2.0,0.0,4.0,8.0,1.0,69.8,15.0,3.0,0.2,0.0,0.0,6.0,Estonia,11.0,4.0,0.0,1.0,3.0,3.0,30.2,4.0,1.0,0.3,0.0,0.0,2.0
699000,San Marino,19.0,4.0,0.0,2.0,2.0,2.0,59.3,11.0,5.0,0.5,1.0,1.0,2.0,Gibraltar,13.0,6.0,0.0,2.0,2.0,3.0,40.7,4.0,3.0,0.8,1.0,1.0,0.0
698997,Northern Ireland,19.0,2.0,0.0,1.0,7.0,1.0,58.2,10.0,4.0,0.4,1.0,1.0,0.0,Belarus,27.0,3.0,0.0,0.0,4.0,2.0,41.8,6.0,1.0,0.2,0.0,0.0,2.0
699001,Scotland,8.0,0.0,0.0,3.0,6.0,5.0,53.4,8.0,2.0,0.3,0.0,0.0,1.0,Croatia,7.0,2.0,1.0,2.0,7.0,1.0,46.6,12.0,4.0,0.3,0.0,0.0,3.0
698999,Romania,18.0,5.0,0.0,0.0,5.0,6.0,46.7,4.0,0.0,0.0,0.0,0.0,2.0,Kosovo,8.0,5.0,0.0,2.0,7.0,0.0,53.3,17.0,7.0,0.4,0.0,0.0,2.0
699002,Switzerland,13.0,3.0,0.0,4.0,5.0,1.0,65.9,19.0,7.0,0.4,0.0,0.0,8.0,Serbia,15.0,2.0,0.0,0.0,3.0,6.0,34.1,7.0,2.0,0.3,0.0,1.0,1.0
698996,Luxembourg,16.0,3.0,0.0,4.0,12.0,3.0,64.7,18.0,5.0,0.3,0.0,0.0,6.0,Bulgaria,9.0,3.0,0.0,1.0,0.0,5.0,35.3,7.0,4.0,0.6,0.0,0.0,1.0
698998,Portugal,9.0,4.0,0.0,5.0,3.0,5.0,66.0,19.0,6.0,0.3,1.0,1.0,2.0,Poland,12.0,1.0,0.0,1.0,4.0,1.0,34.0,12.0,5.0,0.4,0.0,0.0,4.0
698995,Denmark,8.0,4.0,0.0,1.0,7.0,2.0,47.1,10.0,3.0,0.3,0.0,0.0,2.0,Spain,17.0,2.0,0.0,0.0,7.0,2.0,52.9,11.0,4.0,0.4,0.0,0.0,0.0
698994,Cyprus,21.0,4.0,0.0,2.0,5.0,3.0,46.0,12.0,4.0,0.3,0.0,0.0,4.0,Lithuania,22.0,2.0,0.0,1.0,2.0,2.0,54.0,11.0,4.0,0.4,0.0,0.0,1.0
698988,Belgium,8.0,3.0,0.0,0.0,7.0,2.0,46.6,11.0,3.0,0.3,0.0,0.0,3.0,Italy,9.0,2.0,0.0,4.0,1.0,3.0,53.4,11.0,4.0,0.4,0.0,0.0,4.0
698989,France,9.0,1.0,0.0,1.0,8.0,1.0,70.5,24.0,8.0,0.3,0.0,0.0,7.0,Israel,9.0,2.0,0.0,1.0,0.0,8.0,29.5,3.0,1.0,0.3,0.0,0.0,0.0
698990,Greece,18.0,2.0,0.0,0.0,4.0,3.0,43.6,10.0,5.0,0.5,0.0,0.0,2.0,England,10.0,3.0,0.0,0.0,3.0,5.0,56.4,9.0,5.0,0.6,0.0,0.0,2.0
698991,North Macedonia,11.0,2.0,0.0,4.0,5.0,1.0,63.6,18.0,4.0,0.2,0.0,0.0,5.0,Latvia,13.0,3.0,0.0,2.0,2.0,3.0,36.4,7.0,1.0,0.1,0.0,0.0,1.0
698992,Republic of Ireland,9.0,2.0,0.0,5.0,7.0,4.0,43.9,13.0,3.0,0.2,0.0,0.0,3.0,Finland,9.0,0.0,0.0,4.0,5.0,2.0,56.1,14.0,5.0,0.4,0.0,1.0,5.0
698993,Slovenia,12.0,0.0,0.0,2.0,0.0,3.0,43.5,8.0,3.0,0.4,1.0,1.0,2.0,Norway,11.0,1.0,0.0,2.0,3.0,1.0,56.5,14.0,7.0,0.5,0.0,0.0,3.0
698987,Armenia,6.0,3.0,0.0,1.0,16.0,1.0,73.0,25.0,9.0,0.4,0.0,0.0,6.0,Faroe Islands,5.0,3.0,0.0,1.0,1.0,10.0,27.0,2.0,2.0,1.0,1.0,1.0,0.0
698986,Kazakhstan,12.0,1.0,1.0,0.0,1.0,6.0,34.8,6.0,1.0,0.2,0.0,0.0,2.0,Austria,8.0,0.0,0.0,3.0,5.0,1.0,65.2,23.0,8.0,0.3,0.0,0.0,4.0
698978,Belarus,16.0,2.0,0.0,2.0,5.0,4.0,35.2,12.0,6.0,0.5,0.0,1.0,4.0,Luxembourg,20.0,6.0,0.0,0.0,2.0,5.0,64.8,14.0,5.0,0.4,1.0,1.0,5.0
698983,Switzerland,12.0,2.0,0.0,0.0,6.0,3.0,60.7,14.0,3.0,0.2,1.0,1.0,2.0,Denmark,7.0,1.0,0.0,3.0,4.0,1.0,39.3,8.0,5.0,0.6,0.0,0.0,1.0
698984,Spain,12.0,1.0,0.0,3.0,6.0,1.0,66.7,30.0,10.0,0.3,0.0,1.0,8.0,Serbia,12.0,4.0,1.0,2.0,2.0,7.0,33.3,3.0,1.0,0.3,0.0,0.0,0.0
698982,Scotland,13.0,1.0,0.0,0.0,1.0,3.0,30.0,4.0,2.0,0.5,0.0,0.0,1.0,Portugal,19.0,4.0,0.0,1.0,10.0,2.0,70.0,14.0,3.0,0.2,0.0,0.0,6.0
698979,Kosovo,9.0,1.0,0.0,2.0,5.0,4.0,63.4,15.0,6.0,0.4,0.0,0.0,3.0,Cyprus,12.0,3.0,0.0,1.0,6.0,3.0,36.6,11.0,4.0,0.4,0.0,0.0,2.0
698980,Northern Ireland,15.0,2.0,0.0,2.0,7.0,1.0,42.5,12.0,4.0,0.3,0.0,0.0,2.0,Bulgaria,12.0,2.0,0.0,2.0,2.0,0.0,57.5,5.0,1.0,0.2,0.0,1.0,1.0
698981,Poland,14.0,1.0,0.0,0.0,2.0,5.0,47.2,14.0,6.0,0.4,0.0,0.0,2.0,Croatia,9.0,3.0,1.0,1.0,3.0,3.0,52.8,15.0,8.0,0.5,0.0,0.0,4.0
698985,Lithuania,18.0,3.0,0.0,1.0,0.0,3.0,49.8,7.0,3.0,0.4,1.0,1.0,1.0,Romania,11.0,2.0,0.0,4.0,9.0,2.0,50.2,13.0,4.0,0.3,1.0,1.0,3.0
698970,Iceland,12.0,3.0,0.0,1.0,4.0,8.0,36.1,12.0,7.0,0.6,0.0,0.0,3.0,Türkiye,9.0,3.0,0.0,4.0,6.0,4.0,63.9,24.0,12.0,0.5,1.0,2.0,8.0
698973,Bosnia-Herzegovina,10.0,3.0,0.0,1.0,4.0,3.0,66.0,12.0,3.0,0.3,0.0,0.0,2.0,Hungary,19.0,1.0,0.0,0.0,3.0,3.0,34.0,12.0,5.0,0.4,1.0,1.0,1.0
698972,Estonia,13.0,2.0,0.0,0.0,2.0,7.0,25.8,4.0,0.0,0.0,0.0,0.0,1.0,Sweden,13.0,3.0,0.0,1.0,9.0,0.0,74.2,19.0,10.0,0.5,0.0,0.0,4.0
698971,Germany,10.0,3.0,0.0,1.0,4.0,1.0,48.8,13.0,5.0,0.4,0.0,0.0,5.0,Netherlands,10.0,3.0,0.0,1.0,3.0,4.0,51.2,3.0,1.0,0.3,0.0,0.0,0.0
698974,Belgium,10.0,3.0,0.0,3.0,9.0,2.0,46.3,20.0,7.0,0.4,0.0,1.0,5.0,France,14.0,4.0,1.0,0.0,4.0,6.0,53.7,14.0,4.0,0.3,1.0,1.0,4.0
698975,Italy,10.0,1.0,0.0,0.0,11.0,1.0,68.6,17.0,8.0,0.5,1.0,1.0,2.0,Israel,10.0,0.0,0.0,1.0,2.0,4.0,31.4,5.0,2.0,0.4,0.0,0.0,0.0
698977,Ukraine,8.0,1.0,0.0,2.0,7.0,6.0,52.7,13.0,3.0,0.2,1.0,1.0,5.0,Czechia,12.0,4.0,0.0,1.0,5.0,2.0,47.3,15.0,7.0,0.5,0.0,0.0,1.0
698976,Wales,21.0,0.0,0.0,1.0,9.0,0.0,65.9,13.0,5.0,0.4,1.0,1.0,2.0,Montenegro,16.0,4.0,0.0,1.0,2.0,4.0,34.1,5.0,0.0,0.0,0.0,0.0,1.0
698968,Azerbaijan,17.0,1.0,1.0,1.0,5.0,1.0,40.2,10.0,2.0,0.2,0.0,0.0,1.0,Slovakia,10.0,0.0,0.0,0.0,6.0,1.0,59.8,9.0,3.0,0.3,0.0,0.0,3.0
698969,Georgia,11.0,1.0,0.0,1.0,11.0,3.0,64.0,16.0,3.0,0.2,0.0,0.0,6.0,Albania,10.0,3.0,0.0,1.0,3.0,3.0,36.0,10.0,4.0,0.4,0.0,0.0,3.0
698966,Greece,14.0,2.0,0.0,1.0,5.0,2.0,55.2,21.0,7.0,0.3,0.0,0.0,6.0,Republic of Ireland,17.0,0.0,0.0,0.0,5.0,5.0,44.8,8.0,2.0,0.3,0.0,0.0,2.0
698965,Austria,8.0,1.0,0.0,1.0,3.0,0.0,65.6,16.0,10.0,0.6,1.0,1.0,0.0,Norway,8.0,3.0,0.0,0.0,1.0,5.0,34.4,8.0,1.0,0.1,0.0,0.0,0.0
698967,Faroe Islands,11.0,2.0,0.0,2.0,5.0,3.0,61.6,14.0,4.0,0.3,0.0,0.0,2.0,Latvia,12.0,1.0,0.0,1.0,1.0,3.0,38.4,11.0,4.0,0.4,0.0,0.0,2.0
698964,Malta,9.0,3.0,0.0,1.0,3.0,1.0,63.1,13.0,4.0,0.3,1.0,2.0,2.0,Moldova,25.0,3.0,0.0,5.0,4.0,3.0,36.9,10.0,1.0,0.1,0.0,0.0,5.0
698963,Liechtenstein,17.0,3.0,0.0,2.0,1.0,1.0,60.3,4.0,2.0,0.5,0.0,1.0,0.0,Gibraltar,10.0,1.0,1.0,3.0,2.0,2.0,39.7,5.0,1.0,0.2,0.0,0.0,0.0
698962,Finland,7.0,0.0,0.0,0.0,4.0,3.0,30.8,13.0,3.0,0.2,0.0,0.0,5.0,England,7.0,0.0,0.0,1.0,5.0,2.0,69.2,15.0,6.0,0.4,0.0,0.0,3.0
698961,Armenia,10.0,2.0,0.0,2.0,4.0,1.0,58.0,16.0,3.0,0.2,0.0,0.0,4.0,North Macedonia,12.0,1.0,0.0,2.0,2.0,3.0,42.0,6.0,3.0,0.5,0.0,0.0,1.0
698960,Kazakhstan,12.0,4.0,0.0,2.0,5.0,3.0,52.2,7.0,3.0,0.4,0.0,0.0,1.0,Slovenia,8.0,1.0,0.0,2.0,4.0,3.0,47.8,7.0,4.0,0.6,0.0,0.0,0.0
698957,Serbia,12.0,3.0,0.0,0.0,3.0,4.0,32.6,7.0,4.0,0.6,0.0,0.0,1.0,Switzerland,11.0,2.0,0.0,4.0,7.0,3.0,67.4,11.0,4.0,0.4,0.0,1.0,4.0
698958,Poland,12.0,4.0,0.0,1.0,7.0,4.0,37.2,12.0,4.0,0.3,0.0,0.0,1.0,Portugal,16.0,1.0,0.0,1.0,4.0,3.0,62.8,18.0,6.0,0.3,0.0,0.0,6.0
698956,Spain,9.0,1.0,0.0,0.0,4.0,1.0,61.4,25.0,6.0,0.2,0.0,0.0,6.0,Denmark,17.0,4.0,0.0,2.0,4.0,5.0,38.6,3.0,1.0,0.3,0.0,0.0,2.0
698959,Belarus,16.0,2.0,0.0,1.0,3.0,7.0,38.8,6.0,2.0,0.3,0.0,0.0,2.0,Northern Ireland,18.0,1.0,0.0,1.0,7.0,2.0,61.2,15.0,7.0,0.5,0.0,0.0,4.0
698955,Cyprus,11.0,4.0,0.0,2.0,4.0,6.0,42.4,15.0,4.0,0.3,0.0,0.0,3.0,Romania,14.0,2.0,0.0,2.0,6.0,4.0,57.6,19.0,9.0,0.5,1.0,1.0,6.0
698954,Croatia,14.0,2.0,0.0,1.0,3.0,1.0,51.0,17.0,6.0,0.4,0.0,0.0,6.0,Scotland,7.0,2.0,0.0,6.0,2.0,4.0,49.0,9.0,2.0,0.2,0.0,0.0,2.0
698953,Bulgaria,12.0,6.0,0.0,0.0,6.0,0.0,55.0,7.0,3.0,0.4,0.0,0.0,2.0,Luxembourg,19.0,5.0,0.0,0.0,4.0,2.0,45.0,6.0,0.0,0.0,0.0,0.0,1.0
698952,Lithuania,13.0,2.0,0.0,2.0,3.0,2.0,52.2,9.0,2.0,0.2,0.0,0.0,4.0,Kosovo,14.0,3.0,0.0,1.0,4.0,1.0,47.8,9.0,4.0,0.4,0.0,0.0,1.0
698949,Türkiye,19.0,3.0,0.0,2.0,6.0,3.0,64.3,29.0,9.0,0.3,0.0,0.0,9.0,Montenegro,10.0,2.0,0.0,2.0,5.0,8.0,35.7,10.0,3.0,0.3,0.0,0.0,2.0
698948,Ukraine,11.0,4.0,0.0,2.0,3.0,4.0,41.0,12.0,2.0,0.2,0.0,0.0,3.0,Georgia,9.0,4.0,0.0,1.0,7.0,1.0,59.0,13.0,4.0,0.3,0.0,0.0,4.0
698951,Iceland,16.0,2.0,0.0,3.0,4.0,4.0,41.7,20.0,4.0,0.2,0.0,0.0,4.0,Wales,8.0,5.0,0.0,0.0,1.0,2.0,58.3,8.0,6.0,0.8,0.0,0.0,2.0
698950,Slovakia,14.0,4.0,0.0,4.0,5.0,6.0,46.7,11.0,5.0,0.5,0.0,0.0,4.0,Sweden,18.0,2.0,0.0,2.0,7.0,3.0,53.3,19.0,8.0,0.4,0.0,0.0,7.0
698945,Czechia,15.0,1.0,0.0,0.0,4.0,2.0,60.4,19.0,5.0,0.3,0.0,0.0,5.0,Albania,12.0,1.0,0.0,0.0,3.0,3.0,39.6,7.0,2.0,0.3,0.0,0.0,1.0
698947,Hungary,19.0,2.0,0.0,1.0,2.0,3.0,26.3,5.0,1.0,0.2,0.0,0.0,1.0,Netherlands,8.0,0.0,1.0,3.0,5.0,0.0,73.7,16.0,4.0,0.3,0.0,0.0,4.0
698946,Bosnia-Herzegovina,10.0,5.0,0.0,0.0,3.0,2.0,26.9,8.0,1.0,0.1,0.0,0.0,3.0,Germany,9.0,1.0,0.0,4.0,2.0,0.0,73.1,12.0,4.0,0.3,0.0,0.0,3.0
698944,Estonia,18.0,2.0,0.0,2.0,0.0,4.0,33.2,10.0,4.0,0.4,0.0,0.0,2.0,Azerbaijan,3.0,0.0,0.0,2.0,8.0,1.0,66.8,15.0,5.0,0.3,1.0,1.0,5.0
698936,Austria,10.0,1.0,0.0,1.0,15.0,1.0,66.0,29.0,8.0,0.3,0.0,0.0,11.0,Kazakhstan,17.0,2.0,0.0,0.0,3.0,4.0,34.0,5.0,1.0,0.2,0.0,0.0,3.0
698935,England,10.0,2.0,0.0,0.0,9.0,0.0,63.6,12.0,2.0,0.2,0.0,0.0,3.0,Greece,14.0,4.0,0.0,6.0,5.0,1.0,36.4,12.0,3.0,0.3,0.0,0.0,7.0
698934,Faroe Islands,10.0,1.0,0.0,5.0,4.0,4.0,42.5,9.0,4.0,0.4,0.0,0.0,2.0,Armenia,8.0,3.0,0.0,1.0,9.0,2.0,57.5,20.0,6.0,0.3,0.0,0.0,9.0
698937,Finland,10.0,0.0,0.0,0.0,2.0,8.0,53.8,7.0,3.0,0.4,0.0,0.0,1.0,Republic of Ireland,5.0,0.0,0.0,0.0,2.0,2.0,46.2,15.0,10.0,0.7,0.0,0.0,2.0
698938,Gibraltar,11.0,3.0,0.0,1.0,7.0,1.0,50.2,11.0,2.0,0.2,0.0,0.0,0.0,San Marino,17.0,8.0,0.0,0.0,6.0,1.0,49.8,11.0,2.0,0.2,0.0,0.0,3.0
698943,Israel,8.0,0.0,0.0,1.0,0.0,2.0,32.3,1.0,1.0,1.0,0.0,0.0,0.0,France,11.0,1.0,0.0,0.0,9.0,0.0,67.7,15.0,5.0,0.3,0.0,0.0,4.0
698939,Italy,11.0,2.0,1.0,1.0,0.0,2.0,38.1,8.0,4.0,0.5,0.0,0.0,0.0,Belgium,15.0,1.0,0.0,1.0,12.0,3.0,61.9,12.0,4.0,0.3,0.0,0.0,5.0
698942,Norway,5.0,1.0,0.0,1.0,4.0,2.0,53.1,25.0,14.0,0.6,0.0,0.0,5.0,Slovenia,11.0,1.0,0.0,1.0,4.0,10.0,46.9,11.0,2.0,0.2,0.0,0.0,2.0
698941,Moldova,15.0,4.0,0.0,3.0,2.0,0.0,55.8,7.0,2.0,0.3,0.0,0.0,0.0,Andorra,20.0,4.0,0.0,1.0,5.0,0.0,44.2,6.0,0.0,0.0,0.0,0.0,2.0
698940,Latvia,11.0,1.0,0.0,2.0,5.0,5.0,46.5,12.0,2.0,0.2,0.0,0.0,5.0,North Macedonia,12.0,2.0,0.0,1.0,4.0,2.0,53.5,15.0,8.0,0.5,0.0,0.0,5.0
698926,Andorra,15.0,3.0,0.0,1.0,3.0,2.0,45.2,8.0,4.0,0.5,0.0,0.0,2.0,Malta,14.0,1.0,0.0,2.0,4.0,4.0,54.8,8.0,3.0,0.4,0.0,0.0,1.0
698927,Czechia,16.0,5.0,0.0,1.0,0.0,3.0,41.8,14.0,5.0,0.4,1.0,1.0,5.0,Ukraine,16.0,2.0,0.0,0.0,8.0,2.0,58.2,19.0,5.0,0.3,0.0,0.0,8.0
698928,England,7.0,0.0,0.0,1.0,8.0,0.0,78.6,22.0,8.0,0.4,0.0,0.0,8.0,Finland,8.0,1.0,0.0,1.0,2.0,6.0,21.4,2.0,0.0,0.0,0.0,0.0,1.0
698932,Hungary,10.0,1.0,0.0,0.0,13.0,2.0,64.8,21.0,5.0,0.2,0.0,0.0,8.0,Bosnia-Herzegovina,10.0,2.0,0.0,0.0,1.0,5.0,35.2,7.0,2.0,0.3,0.0,0.0,1.0
698933,North Macedonia,8.0,3.0,1.0,1.0,4.0,7.0,41.8,13.0,5.0,0.4,0.0,0.0,2.0,Armenia,12.0,2.0,0.0,4.0,3.0,3.0,58.2,14.0,7.0,0.5,0.0,0.0,5.0
698929,Republic of Ireland,14.0,2.0,0.0,3.0,2.0,2.0,48.9,8.0,1.0,0.1,0.0,0.0,2.0,Greece,11.0,3.0,0.0,2.0,2.0,1.0,51.1,10.0,4.0,0.4,0.0,0.0,1.0
